Date,Season,Matchday,HomeTeam,AwayTeam,FTHG,FTAG
2018-08-24,2018/2019,1,Bayern Munich,Hoffenheim,3,1
2018-08-25,2018/2019,1,Fortuna Dusseldorf,Augsburg,1,2
2018-08-25,2018/2019,1,Freiburg,Ein Frankfurt,0,2
2018-08-25,2018/2019,1,Hertha,Nurnberg,1,0
2018-08-25,2018/2019,1,M'gladbach,Leverkusen,2,0
2018-08-25,2018/2019,1,Werder Bremen,Hannover,1,1
2018-08-25,2018/2019,1,Wolfsburg,Schalke 04,2,1
2018-08-26,2018/2019,1,Mainz,Stuttgart,1,0
2018-08-26,2018/2019,1,Dortmund,RB Leipzig,4,1
2018-08-31,2018/2019,2,Hannover,Dortmund,0,0
2018-09-01,2018/2019,2,Augsburg,M'gladbach,1,1
2018-09-01,2018/2019,2,Ein Frankfurt,Werder Bremen,1,2
2018-09-01,2018/2019,2,Hoffenheim,Freiburg,3,1
2018-09-01,2018/2019,2,Leverkusen,Wolfsburg,1,3
2018-09-01,2018/2019,2,Nurnberg,Mainz,1,1
2018-09-01,2018/2019,2,Stuttgart,Bayern Munich,0,3
2018-09-02,2018/2019,2,RB Leipzig,Fortuna Dusseldorf,1,1
2018-09-02,2018/2019,2,Schalke 04,Hertha,0,2
2018-09-14,2018/2019,3,Dortmund,Ein Frankfurt,3,1
2018-09-15,2018/2019,3,Bayern Munich,Leverkusen,3,1
2018-09-15,2018/2019,3,Fortuna Dusseldorf,Hoffenheim,2,1
2018-09-15,2018/2019,3,Mainz,Augsburg,2,1
2018-09-15,2018/2019,3,M'gladbach,Schalke 04,2,1
2018-09-15,2018/2019,3,RB Leipzig,Hannover,3,2
2018-09-15,2018/2019,3,Wolfsburg,Hertha,2,2
2018-09-16,2018/2019,3,Freiburg,Stuttgart,3,3
2018-09-16,2018/2019,3,Werder Bremen,Nurnberg,1,1
2018-09-21,2018/2019,4,Stuttgart,Fortuna Dusseldorf,0,0
2018-09-22,2018/2019,4,Wolfsburg,Freiburg,1,3
2018-09-22,2018/2019,4,Schalke 04,Bayern Munich,0,2
2018-09-22,2018/2019,4,Nurnberg,Hannover,2,0
2018-09-22,2018/2019,4,Augsburg,Werder Bremen,2,3
2018-09-22,2018/2019,4,Hertha,M'gladbach,4,2
2018-09-22,2018/2019,4,Hoffenheim,Dortmund,1,1
2018-09-23,2018/2019,4,Ein Frankfurt,RB Leipzig,1,1
2018-09-23,2018/2019,4,Leverkusen,Mainz,1,0
2018-09-25,2018/2019,5,Werder Bremen,Hertha,3,1
2018-09-25,2018/2019,5,Hannover,Hoffenheim,1,3
2018-09-25,2018/2019,5,Freiburg,Schalke 04,1,0
2018-09-25,2018/2019,5,Bayern Munich,Augsburg,1,1
2018-09-26,2018/2019,5,Dortmund,Nurnberg,7,0
2018-09-26,2018/2019,5,Fortuna Dusseldorf,Leverkusen,1,2
2018-09-26,2018/2019,5,Mainz,Wolfsburg,0,0
2018-09-26,2018/2019,5,M'gladbach,Ein Frankfurt,3,1
2018-09-26,2018/2019,5,RB Leipzig,Stuttgart,2,0
2018-09-28,2018/2019,6,Hertha,Bayern Munich,2,0
2018-09-29,2018/2019,6,Wolfsburg,M'gladbach,2,2
2018-09-29,2018/2019,6,Stuttgart,Werder Bremen,2,1
2018-09-29,2018/2019,6,Schalke 04,Mainz,1,0
2018-09-29,2018/2019,6,Leverkusen,Dortmund,2,4
2018-09-29,2018/2019,6,Hoffenheim,RB Leipzig,1,2
2018-09-29,2018/2019,6,Nurnberg,Fortuna Dusseldorf,3,0
2018-09-30,2018/2019,6,Augsburg,Freiburg,4,1
2018-09-30,2018/2019,6,Ein Frankfurt,Hannover,4,1
2018-10-05,2018/2019,7,Werder Bremen,Wolfsburg,2,0
2018-10-06,2018/2019,7,Mainz,Hertha,0,0
2018-10-06,2018/2019,7,Hannover,Stuttgart,3,1
2018-10-06,2018/2019,7,Dortmund,Augsburg,4,3
2018-10-06,2018/2019,7,Bayern Munich,M'gladbach,0,3
2018-10-06,2018/2019,7,Fortuna Dusseldorf,Schalke 04,0,2
2018-10-07,2018/2019,7,Freiburg,Leverkusen,0,0
2018-10-07,2018/2019,7,Hoffenheim,Ein Frankfurt,1,2
2018-10-07,2018/2019,7,RB Leipzig,Nurnberg,6,0
2018-10-19,2018/2019,8,Ein Frankfurt,Fortuna Dusseldorf,7,1
2018-10-20,2018/2019,8,Nurnberg,Hoffenheim,1,3
2018-10-20,2018/2019,8,Augsburg,RB Leipzig,0,0
2018-10-20,2018/2019,8,Leverkusen,Hannover,2,2
2018-10-20,2018/2019,8,Schalke 04,Werder Bremen,0,2
2018-10-20,2018/2019,8,Stuttgart,Dortmund,0,4
2018-10-20,2018/2019,8,Wolfsburg,Bayern Munich,1,3
2018-10-21,2018/2019,8,Hertha,Freiburg,1,1
2018-10-21,2018/2019,8,M'gladbach,Mainz,4,0
2018-10-26,2018/2019,9,Freiburg,M'gladbach,3,1
2018-10-27,2018/2019,9,Mainz,Bayern Munich,1,2
2018-10-27,2018/2019,9,Hoffenheim,Stuttgart,4,0
2018-10-27,2018/2019,9,Hannover,Augsburg,1,2
2018-10-27,2018/2019,9,Fortuna Dusseldorf,Wolfsburg,0,3
2018-10-27,2018/2019,9,Dortmund,Hertha,2,2
2018-10-28,2018/2019,9,Nurnberg,Ein Frankfurt,1,1
2018-10-28,2018/2019,9,RB Leipzig,Schalke 04,0,0
2018-10-28,2018/2019,9,Werder Bremen,Leverkusen,2,6
2018-11-02,2018/2019,10,Stuttgart,Ein Frankfurt,0,3
2018-11-03,2018/2019,10,Wolfsburg,Dortmund,0,1
2018-11-03,2018/2019,10,Schalke 04,Hannover,3,1
2018-11-03,2018/2019,10,Leverkusen,Hoffenheim,1,4
2018-11-03,2018/2019,10,Hertha,RB Leipzig,0,3
2018-11-03,2018/2019,10,Bayern Munich,Freiburg,1,1
2018-11-03,2018/2019,10,Augsburg,Nurnberg,2,2
2018-11-04,2018/2019,10,Mainz,Werder Bremen,2,1
2018-11-04,2018/2019,10,M'gladbach,Fortuna Dusseldorf,3,0
2018-11-09,2018/2019,11,Hannover,Wolfsburg,2,1
2018-11-10,2018/2019,11,Werder Bremen,M'gladbach,1,3
2018-11-10,2018/2019,11,Nurnberg,Stuttgart,0,2
2018-11-10,2018/2019,11,Hoffenheim,Augsburg,2,1
2018-11-10,2018/2019,11,Freiburg,Mainz,1,3
2018-11-10,2018/2019,11,Fortuna Dusseldorf,Hertha,4,1
2018-11-10,2018/2019,11,Dortmund,Bayern Munich,3,2
2018-11-11,2018/2019,11,Ein Frankfurt,Schalke 04,3,0
2018-11-11,2018/2019,11,RB Leipzig,Leverkusen,3,0
2018-11-23,2018/2019,12,Leverkusen,Stuttgart,2,0
2018-11-24,2018/2019,12,Augsburg,Ein Frankfurt,1,3
2018-11-24,2018/2019,12,Bayern Munich,Fortuna Dusseldorf,3,3
2018-11-24,2018/2019,12,Hertha,Hoffenheim,3,3
2018-11-24,2018/2019,12,Mainz,Dortmund,1,2
2018-11-24,2018/2019,12,Schalke 04,Nurnberg,5,2
2018-11-24,2018/2019,12,Wolfsburg,RB Leipzig,1,0
2018-11-25,2018/2019,12,Freiburg,Werder Bremen,1,1
2018-11-25,2018/2019,12,M'gladbach,Hannover,4,1
2018-11-30,2018/2019,13,Fortuna Dusseldorf,Mainz,0,1
2018-12-01,2018/2019,13,Stuttgart,Augsburg,1,0
2018-12-01,2018/2019,13,Hoffenheim,Schalke 04,1,1
2018-12-01,2018/2019,13,Werder Bremen,Bayern Munich,1,2
2018-12-01,2018/2019,13,Dortmund,Freiburg,2,0
2018-12-01,2018/2019,13,Hannover,Hertha,0,2
2018-12-02,2018/2019,13,Ein Frankfurt,Wolfsburg,1,2
2018-12-02,2018/2019,13,RB Leipzig,M'gladbach,2,0
2018-12-03,2018/2019,13,Nurnberg,Leverkusen,1,1
2018-12-07,2018/2019,14,Werder Bremen,Fortuna Dusseldorf,3,1
2018-12-08,2018/2019,14,Wolfsburg,Hoffenheim,2,2
2018-12-08,2018/2019,14,Schalke 04,Dortmund,1,2
2018-12-08,2018/2019,14,Leverkusen,Augsburg,1,0
2018-12-08,2018/2019,14,Hertha,Ein Frankfurt,1,0
2018-12-08,2018/2019,14,Bayern Munich,Nurnberg,3,0
2018-12-08,2018/2019,14,Freiburg,RB Leipzig,3,0
2018-12-09,2018/2019,14,Mainz,Hannover,1,1
2018-12-09,2018/2019,14,M'gladbach,Stuttgart,3,0
2018-12-14,2018/2019,15,Nurnberg,Wolfsburg,0,2
2018-12-15,2018/2019,15,Stuttgart,Hertha,2,1
2018-12-15,2018/2019,15,Hannover,Bayern Munich,0,4
2018-12-15,2018/2019,15,Hoffenheim,M'gladbach,0,0
2018-12-15,2018/2019,15,Dortmund,Werder Bremen,2,1
2018-12-15,2018/2019,15,Augsburg,Schalke 04,1,1
2018-12-15,2018/2019,15,Fortuna Dusseldorf,Freiburg,2,0
2018-12-16,2018/2019,15,Ein Frankfurt,Leverkusen,2,1
2018-12-16,2018/2019,15,RB Leipzig,Mainz,4,1
2018-12-18,2018/2019,16,Fortuna Dusseldorf,Dortmund,2,1
2018-12-18,2018/2019,16,Hertha,Augsburg,2,2
2018-12-18,2018/2019,16,M'gladbach,Nurnberg,2,0
2018-12-18,2018/2019,16,Wolfsburg,Stuttgart,2,0
2018-12-19,2018/2019,16,Werder Bremen,Hoffenheim,1,1
2018-12-19,2018/2019,16,Schalke 04,Leverkusen,1,2
2018-12-19,2018/2019,16,Freiburg,Hannover,1,1
2018-12-19,2018/2019,16,Bayern Munich,RB Leipzig,1,0
2018-12-19,2018/2019,16,Mainz,Ein Frankfurt,2,2
2018-12-21,2018/2019,17,Dortmund,M'gladbach,2,1
2018-12-22,2018/2019,17,RB Leipzig,Werder Bremen,3,2
2018-12-22,2018/2019,17,Ein Frankfurt,Bayern Munich,0,3
2018-12-22,2018/2019,17,Hannover,Fortuna Dusseldorf,0,1
2018-12-22,2018/2019,17,Leverkusen,Hertha,3,1
2018-12-22,2018/2019,17,Nurnberg,Freiburg,0,1
2018-12-22,2018/2019,17,Stuttgart,Schalke 04,1,3
2018-12-23,2018/2019,17,Hoffenheim,Mainz,1,1
2018-12-23,2018/2019,17,Augsburg,Wolfsburg,2,3
2019-01-18,2018/2019,18,Hoffenheim,Bayern Munich,1,3
2019-01-19,2018/2019,18,Augsburg,Fortuna Dusseldorf,1,2
2019-01-19,2018/2019,18,Ein Frankfurt,Freiburg,3,1
2019-01-19,2018/2019,18,Hannover,Werder Bremen,0,1
2019-01-19,2018/2019,18,Leverkusen,M'gladbach,0,1
2019-01-19,2018/2019,18,RB Leipzig,Dortmund,0,1
2019-01-19,2018/2019,18,Stuttgart,Mainz,2,3
2019-01-20,2018/2019,18,Schalke 04,Wolfsburg,2,1
2019-01-20,2018/2019,18,Nurnberg,Hertha,1,3
2019-01-25,2018/2019,19,Hertha,Schalke 04,2,2
2019-01-26,2018/2019,19,Dortmund,Hannover,5,1
2019-01-26,2018/2019,19,Freiburg,Hoffenheim,2,4
2019-01-26,2018/2019,19,Mainz,Nurnberg,2,1
2019-01-26,2018/2019,19,M'gladbach,Augsburg,2,0
2019-01-26,2018/2019,19,Werder Bremen,Ein Frankfurt,2,2
2019-01-26,2018/2019,19,Wolfsburg,Leverkusen,0,3
2019-01-27,2018/2019,19,Fortuna Dusseldorf,RB Leipzig,0,4
2019-01-27,2018/2019,19,Bayern Munich,Stuttgart,4,1
2019-02-01,2018/2019,20,Hannover,RB Leipzig,0,3
2019-02-02,2018/2019,20,Ein Frankfurt,Dortmund,1,1
2019-02-02,2018/2019,20,Hertha,Wolfsburg,0,1
2019-02-02,2018/2019,20,Hoffenheim,Fortuna Dusseldorf,1,1
2019-02-02,2018/2019,20,Leverkusen,Bayern Munich,3,1
2019-02-02,2018/2019,20,Nurnberg,Werder Bremen,1,1
2019-02-02,2018/2019,20,Schalke 04,M'gladbach,0,2
2019-02-03,2018/2019,20,Stuttgart,Freiburg,2,2
2019-02-03,2018/2019,20,Augsburg,Mainz,3,0
2019-02-08,2018/2019,21,Mainz,Leverkusen,1,5
2019-02-09,2018/2019,21,Bayern Munich,Schalke 04,3,1
2019-02-09,2018/2019,21,Dortmund,Hoffenheim,3,3
2019-02-09,2018/2019,21,Freiburg,Wolfsburg,3,3
2019-02-09,2018/2019,21,Hannover,Nurnberg,2,0
2019-02-09,2018/2019,21,M'gladbach,Hertha,0,3
2019-02-09,2018/2019,21,RB Leipzig,Ein Frankfurt,0,0
2019-02-10,2018/2019,21,Fortuna Dusseldorf,Stuttgart,3,0
2019-02-10,2018/2019,21,Werder Bremen,Augsburg,4,0
2019-02-15,2018/2019,22,Augsburg,Bayern Munich,2,3
2019-02-16,2018/2019,22,Hertha,Werder Bremen,1,1
2019-02-16,2018/2019,22,Hoffenheim,Hannover,3,0
2019-02-16,2018/2019,22,Schalke 04,Freiburg,0,0
2019-02-16,2018/2019,22,Stuttgart,RB Leipzig,1,3
2019-02-16,2018/2019,22,Wolfsburg,Mainz,3,0
2019-02-17,2018/2019,22,Ein Frankfurt,M'gladbach,1,1
2019-02-17,2018/2019,22,Leverkusen,Fortuna Dusseldorf,2,0
2019-02-18,2018/2019,22,Nurnberg,Dortmund,0,0
2019-02-22,2018/2019,23,Werder Bremen,Stuttgart,1,1
2019-02-23,2018/2019,23,M'gladbach,Wolfsburg,0,3
2019-02-23,2018/2019,23,Mainz,Schalke 04,3,0
2019-02-23,2018/2019,23,Fortuna Dusseldorf,Nurnberg,2,1
2019-02-23,2018/2019,23,Bayern Munich,Hertha,1,0
2019-02-23,2018/2019,23,Freiburg,Augsburg,5,1
2019-02-24,2018/2019,23,Dortmund,Leverkusen,3,2
2019-02-24,2018/2019,23,Hannover,Ein Frankfurt,0,3
2019-02-25,2018/2019,23,RB Leipzig,Hoffenheim,1,1
2019-03-01,2018/2019,24,Augsburg,Dortmund,2,1
2019-03-02,2018/2019,24,Nurnberg,RB Leipzig,0,1
2019-03-02,2018/2019,24,Schalke 04,Fortuna Dusseldorf,0,4
2019-03-02,2018/2019,24,M'gladbach,Bayern Munich,1,5
2019-03-02,2018/2019,24,Ein Frankfurt,Hoffenheim,3,2
2019-03-02,2018/2019,24,Hertha,Mainz,2,1
2019-03-02,2018/2019,24,Leverkusen,Freiburg,2,0
2019-03-03,2018/2019,24,Stuttgart,Hannover,5,1
2019-03-03,2018/2019,24,Wolfsburg,Werder Bremen,1,1
2019-03-08,2018/2019,25,Werder Bremen,Schalke 04,4,2
2019-03-09,2018/2019,25,Bayern Munich,Wolfsburg,6,0
2019-03-09,2018/2019,25,Dortmund,Stuttgart,3,1
2019-03-09,2018/2019,25,Freiburg,Hertha,2,1
2019-03-09,2018/2019,25,Mainz,M'gladbach,0,1
2019-03-09,2018/2019,25,RB Leipzig,Augsburg,0,0
2019-03-10,2018/2019,25,Hannover,Leverkusen,2,3
2019-03-10,2018/2019,25,Hoffenheim,Nurnberg,2,1
2019-03-11,2018/2019,25,Fortuna Dusseldorf,Ein Frankfurt,0,3
2019-03-15,2018/2019,26,M'gladbach,Freiburg,1,1
2019-03-16,2018/2019,26,Stuttgart,Hoffenheim,1,1
2019-03-16,2018/2019,26,Wolfsburg,Fortuna Dusseldorf,5,2
2019-03-16,2018/2019,26,Schalke 04,RB Leipzig,0,1
2019-03-16,2018/2019,26,Augsburg,Hannover,3,1
2019-03-16,2018/2019,26,Hertha,Dortmund,2,3
2019-03-17,2018/2019,26,Bayern Munich,Mainz,6,0
2019-03-17,2018/2019,26,Ein Frankfurt,Nurnberg,1,0
2019-03-17,2018/2019,26,Leverkusen,Werder Bremen,1,3
2019-03-29,2018/2019,27,Hoffenheim,Leverkusen,4,1
2019-03-30,2018/2019,27,Dortmund,Wolfsburg,2,0
2019-03-30,2018/2019,27,Fortuna Dusseldorf,M'gladbach,3,1
2019-03-30,2018/2019,27,Freiburg,Bayern Munich,1,1
2019-03-30,2018/2019,27,Nurnberg,Augsburg,3,0
2019-03-30,2018/2019,27,RB Leipzig,Hertha,5,0
2019-03-30,2018/2019,27,Werder Bremen,Mainz,3,1
2019-03-31,2018/2019,27,Ein Frankfurt,Stuttgart,3,0
2019-03-31,2018/2019,27,Hannover,Schalke 04,0,1
2019-04-05,2018/2019,28,Mainz,Freiburg,5,0
2019-04-06,2018/2019,28,Wolfsburg,Hannover,3,1
2019-04-06,2018/2019,28,Stuttgart,Nurnberg,1,1
2019-04-06,2018/2019,28,Schalke 04,Ein Frankfurt,1,2
2019-04-06,2018/2019,28,Leverkusen,RB Leipzig,2,4
2019-04-06,2018/2019,28,Bayern Munich,Dortmund,5,0
2019-04-06,2018/2019,28,Hertha,Fortuna Dusseldorf,1,2
2019-04-07,2018/2019,28,Augsburg,Hoffenheim,0,4
2019-04-07,2018/2019,28,M'gladbach,Werder Bremen,1,1
2019-04-12,2018/2019,29,Nurnberg,Schalke 04,1,1
2019-04-13,2018/2019,29,Dortmund,Mainz,2,1
2019-04-13,2018/2019,29,Hannover,M'gladbach,0,1
2019-04-13,2018/2019,29,RB Leipzig,Wolfsburg,2,0
2019-04-13,2018/2019,29,Stuttgart,Leverkusen,0,1
2019-04-13,2018/2019,29,Werder Bremen,Freiburg,2,1
2019-04-14,2018/2019,29,Ein Frankfurt,Augsburg,1,3
2019-04-14,2018/2019,29,Fortuna Dusseldorf,Bayern Munich,1,4
2019-04-14,2018/2019,29,Hoffenheim,Hertha,2,0
2019-04-20,2018/2019,30,M'gladbach,RB Leipzig,1,2
2019-04-20,2018/2019,30,Schalke 04,Hoffenheim,2,5
2019-04-20,2018/2019,30,Mainz,Fortuna Dusseldorf,3,1
2019-04-20,2018/2019,30,Bayern Munich,Werder Bremen,1,0
2019-04-20,2018/2019,30,Leverkusen,Nurnberg,2,0
2019-04-20,2018/2019,30,Augsburg,Stuttgart,6,0
2019-04-21,2018/2019,30,Freiburg,Dortmund,0,4
2019-04-21,2018/2019,30,Hertha,Hannover,0,0
2019-04-22,2018/2019,30,Wolfsburg,Ein Frankfurt,1,1
2019-04-26,2018/2019,31,Augsburg,Leverkusen,1,4
2019-04-27,2018/2019,31,Dortmund,Schalke 04,2,4
2019-04-27,2018/2019,31,Fortuna Dusseldorf,Werder Bremen,4,1
2019-04-27,2018/2019,31,Hannover,Mainz,1,0
2019-04-27,2018/2019,31,RB Leipzig,Freiburg,2,1
2019-04-27,2018/2019,31,Stuttgart,M'gladbach,1,0
2019-04-27,2018/2019,31,Ein Frankfurt,Hertha,0,0
2019-04-28,2018/2019,31,Hoffenheim,Wolfsburg,1,4
2019-04-28,2018/2019,31,Nurnberg,Bayern Munich,1,1
2019-05-03,2018/2019,32,Mainz,RB Leipzig,3,3
2019-05-04,2018/2019,32,Wolfsburg,Nurnberg,2,0
2019-05-04,2018/2019,32,Werder Bremen,Dortmund,2,2
2019-05-04,2018/2019,32,Hertha,Stuttgart,3,1
2019-05-04,2018/2019,32,Bayern Munich,Hannover,3,1
2019-05-04,2018/2019,32,M'gladbach,Hoffenheim,2,2
2019-05-05,2018/2019,32,Freiburg,Fortuna Dusseldorf,1,1
2019-05-05,2018/2019,32,Leverkusen,Ein Frankfurt,6,1
2019-05-05,2018/2019,32,Schalke 04,Augsburg,0,0
2019-05-11,2018/2019,33,Stuttgart,Wolfsburg,3,0
2019-05-11,2018/2019,33,RB Leipzig,Bayern Munich,0,0
2019-05-11,2018/2019,33,Nurnberg,M'gladbach,0,4
2019-05-11,2018/2019,33,Leverkusen,Schalke 04,1,1
2019-05-11,2018/2019,33,Hoffenheim,Werder Bremen,0,1
2019-05-11,2018/2019,33,Dortmund,Fortuna Dusseldorf,3,2
2019-05-11,2018/2019,33,Augsburg,Hertha,3,4
2019-05-11,2018/2019,33,Hannover,Freiburg,3,0
2019-05-12,2018/2019,33,Ein Frankfurt,Mainz,0,2
2019-05-18,2018/2019,34,M'gladbach,Dortmund,0,2
2019-05-18,2018/2019,34,Schalke 04,Stuttgart,0,0
2019-05-18,2018/2019,34,Mainz,Hoffenheim,4,2
2019-05-18,2018/2019,34,Werder Bremen,RB Leipzig,2,1
2019-05-18,2018/2019,34,Freiburg,Nurnberg,5,1
2019-05-18,2018/2019,34,Fortuna Dusseldorf,Hannover,2,1
2019-05-18,2018/2019,34,Bayern Munich,Ein Frankfurt,5,1
2019-05-18,2018/2019,34,Hertha,Leverkusen,1,5
2019-05-18,2018/2019,34,Wolfsburg,Augsburg,8,1
2019-08-16,2019/2020,1,Bayern Munich,Hertha,2,2
2019-08-17,2019/2020,1,Dortmund,Augsburg,5,1
2019-08-17,2019/2020,1,Freiburg,Mainz,3,0
2019-08-17,2019/2020,1,Leverkusen,Paderborn,3,2
2019-08-17,2019/2020,1,Werder Bremen,Fortuna Dusseldorf,1,3
2019-08-17,2019/2020,1,Wolfsburg,FC Koln,2,1
2019-08-17,2019/2020,1,M'gladbach,Schalke 04,0,0
2019-08-18,2019/2020,1,Ein Frankfurt,Hoffenheim,1,0
2019-08-18,2019/2020,1,Union Berlin,RB Leipzig,0,4
2019-08-23,2019/2020,2,FC Koln,Dortmund,1,3
2019-08-24,2019/2020,2,Schalke 04,Bayern Munich,0,3
2019-08-24,2019/2020,2,Paderborn,Freiburg,1,3
2019-08-24,2019/2020,2,Mainz,M'gladbach,1,3
2019-08-24,2019/2020,2,Augsburg,Union Berlin,1,1
2019-08-24,2019/2020,2,Fortuna Dusseldorf,Leverkusen,1,3
2019-08-24,2019/2020,2,Hoffenheim,Werder Bremen,3,2
2019-08-25,2019/2020,2,RB Leipzig,Ein Frankfurt,2,1
2019-08-25,2019/2020,2,Hertha,Wolfsburg,0,3
2019-08-30,2019/2020,3,M'gladbach,RB Leipzig,1,3
2019-08-31,2019/2020,3,Wolfsburg,Paderborn,1,1
2019-08-31,2019/2020,3,Union Berlin,Dortmund,3,1
2019-08-31,2019/2020,3,Schalke 04,Hertha,3,0
2019-08-31,2019/2020,3,Bayern Munich,Mainz,6,1
2019-08-31,2019/2020,3,Freiburg,FC Koln,1,2
2019-08-31,2019/2020,3,Leverkusen,Hoffenheim,0,0
2019-09-01,2019/2020,3,Werder Bremen,Augsburg,3,2
2019-09-01,2019/2020,3,Ein Frankfurt,Fortuna Dusseldorf,2,1
2019-09-13,2019/2020,4,Fortuna Dusseldorf,Wolfsburg,1,1
2019-09-14,2019/2020,4,Augsburg,Ein Frankfurt,2,1
2019-09-14,2019/2020,4,Dortmund,Leverkusen,4,0
2019-09-14,2019/2020,4,FC Koln,M'gladbach,0,1
2019-09-14,2019/2020,4,Mainz,Hertha,2,1
2019-09-14,2019/2020,4,Union Berlin,Werder Bremen,1,2
2019-09-14,2019/2020,4,RB Leipzig,Bayern Munich,1,1
2019-09-15,2019/2020,4,Hoffenheim,Freiburg,0,3
2019-09-15,2019/2020,4,Paderborn,Schalke 04,1,5
2019-09-20,2019/2020,5,Schalke 04,Mainz,2,1
2019-09-21,2019/2020,5,Werder Bremen,RB Leipzig,0,3
2019-09-21,2019/2020,5,Leverkusen,Union Berlin,2,0
2019-09-21,2019/2020,5,Bayern Munich,FC Koln,4,0
2019-09-21,2019/2020,5,Freiburg,Augsburg,1,1
2019-09-21,2019/2020,5,Hertha,Paderborn,2,1
2019-09-22,2019/2020,5,M'gladbach,Fortuna Dusseldorf,2,1
2019-09-22,2019/2020,5,Ein Frankfurt,Dortmund,2,2
2019-09-23,2019/2020,5,Wolfsburg,Hoffenheim,1,1
2019-09-27,2019/2020,6,Union Berlin,Ein Frankfurt,1,2
2019-09-28,2019/2020,6,Augsburg,Leverkusen,0,3
2019-09-28,2019/2020,6,Hoffenheim,M'gladbach,0,3
2019-09-28,2019/2020,6,Paderborn,Bayern Munich,2,3
2019-09-28,2019/2020,6,RB Leipzig,Schalke 04,1,3
2019-09-28,2019/2020,6,Dortmund,Werder Bremen,2,2
2019-09-28,2019/2020,6,Mainz,Wolfsburg,0,1
2019-09-29,2019/2020,6,Fortuna Dusseldorf,Freiburg,1,2
2019-09-29,2019/2020,6,FC Koln,Hertha,0,4
2019-10-04,2019/2020,7,Hertha,Fortuna Dusseldorf,3,1
2019-10-05,2019/2020,7,Paderborn,Mainz,1,2
2019-10-05,2019/2020,7,Schalke 04,FC Koln,1,1
2019-10-05,2019/2020,7,Leverkusen,RB Leipzig,1,1
2019-10-05,2019/2020,7,Bayern Munich,Hoffenheim,1,2
2019-10-05,2019/2020,7,Freiburg,Dortmund,2,2
2019-10-06,2019/2020,7,M'gladbach,Augsburg,5,1
2019-10-06,2019/2020,7,Wolfsburg,Union Berlin,1,0
2019-10-06,2019/2020,7,Ein Frankfurt,Werder Bremen,2,2
2019-10-18,2019/2020,8,Ein Frankfurt,Leverkusen,3,0
2019-10-19,2019/2020,8,Dortmund,M'gladbach,1,0
2019-10-19,2019/2020,8,Werder Bremen,Hertha,1,1
2019-10-19,2019/2020,8,Union Berlin,Freiburg,2,0
2019-10-19,2019/2020,8,RB Leipzig,Wolfsburg,1,1
2019-10-19,2019/2020,8,Augsburg,Bayern Munich,2,2
2019-10-19,2019/2020,8,Fortuna Dusseldorf,Mainz,1,0
2019-10-20,2019/2020,8,FC Koln,Paderborn,3,0
2019-10-20,2019/2020,8,Hoffenheim,Schalke 04,2,0
2019-10-25,2019/2020,9,Mainz,FC Koln,3,1
2019-10-26,2019/2020,9,Schalke 04,Dortmund,0,0
2019-10-26,2019/2020,9,Leverkusen,Werder Bremen,2,2
2019-10-26,2019/2020,9,Paderborn,Fortuna Dusseldorf,2,0
2019-10-26,2019/2020,9,Hertha,Hoffenheim,2,3
2019-10-26,2019/2020,9,Freiburg,RB Leipzig,2,1
2019-10-26,2019/2020,9,Bayern Munich,Union Berlin,2,1
2019-10-27,2019/2020,9,Wolfsburg,Augsburg,0,0
2019-10-27,2019/2020,9,M'gladbach,Ein Frankfurt,4,2
2019-11-01,2019/2020,10,Hoffenheim,Paderborn,3,0
2019-11-02,2019/2020,10,Dortmund,Wolfsburg,3,0
2019-11-02,2019/2020,10,Ein Frankfurt,Bayern Munich,5,1
2019-11-02,2019/2020,10,Leverkusen,M'gladbach,1,2
2019-11-02,2019/2020,10,RB Leipzig,Mainz,8,0
2019-11-02,2019/2020,10,Werder Bremen,Freiburg,2,2
2019-11-02,2019/2020,10,Union Berlin,Hertha,1,0
2019-11-03,2019/2020,10,Fortuna Dusseldorf,FC Koln,2,0
2019-11-03,2019/2020,10,Augsburg,Schalke 04,2,3
2019-11-08,2019/2020,11,FC Koln,Hoffenheim,1,2
2019-11-09,2019/2020,11,Bayern Munich,Dortmund,4,0
2019-11-09,2019/2020,11,Schalke 04,Fortuna Dusseldorf,3,3
2019-11-09,2019/2020,11,Paderborn,Augsburg,0,1
2019-11-09,2019/2020,11,Mainz,Union Berlin,2,3
2019-11-09,2019/2020,11,Hertha,RB Leipzig,2,4
2019-11-10,2019/2020,11,M'gladbach,Werder Bremen,3,1
2019-11-10,2019/2020,11,Wolfsburg,Leverkusen,0,2
2019-11-10,2019/2020,11,Freiburg,Ein Frankfurt,1,0
2019-11-22,2019/2020,12,Dortmund,Paderborn,3,3
2019-11-23,2019/2020,12,RB Leipzig,FC Koln,4,1
2019-11-23,2019/2020,12,Werder Bremen,Schalke 04,1,2
2019-11-23,2019/2020,12,Union Berlin,M'gladbach,2,0
2019-11-23,2019/2020,12,Leverkusen,Freiburg,1,1
2019-11-23,2019/2020,12,Fortuna Dusseldorf,Bayern Munich,0,4
2019-11-23,2019/2020,12,Ein Frankfurt,Wolfsburg,0,2
2019-11-24,2019/2020,12,Augsburg,Hertha,4,0
2019-11-24,2019/2020,12,Hoffenheim,Mainz,1,5
2019-11-29,2019/2020,13,Schalke 04,Union Berlin,2,1
2019-11-30,2019/2020,13,Paderborn,RB Leipzig,2,3
2019-11-30,2019/2020,13,Hoffenheim,Fortuna Dusseldorf,1,1
2019-11-30,2019/2020,13,Bayern Munich,Leverkusen,1,2
2019-11-30,2019/2020,13,FC Koln,Augsburg,1,1
2019-11-30,2019/2020,13,Hertha,Dortmund,1,2
2019-12-01,2019/2020,13,M'gladbach,Freiburg,4,2
2019-12-01,2019/2020,13,Wolfsburg,Werder Bremen,2,3
2019-12-02,2019/2020,13,Mainz,Ein Frankfurt,2,1
2019-12-06,2019/2020,14,Ein Frankfurt,Hertha,2,2
2019-12-07,2019/2020,14,Leverkusen,Schalke 04,2,1
2019-12-07,2019/2020,14,RB Leipzig,Hoffenheim,3,1
2019-12-07,2019/2020,14,M'gladbach,Bayern Munich,2,1
2019-12-07,2019/2020,14,Freiburg,Wolfsburg,1,0
2019-12-07,2019/2020,14,Augsburg,Mainz,2,1
2019-12-07,2019/2020,14,Dortmund,Fortuna Dusseldorf,5,0
2019-12-08,2019/2020,14,Union Berlin,FC Koln,2,0
2019-12-08,2019/2020,14,Werder Bremen,Paderborn,0,1
2019-12-13,2019/2020,15,Hoffenheim,Augsburg,2,4
2019-12-14,2019/2020,15,Fortuna Dusseldorf,RB Leipzig,0,3
2019-12-14,2019/2020,15,Mainz,Dortmund,0,4
2019-12-14,2019/2020,15,Paderborn,Union Berlin,1,1
2019-12-14,2019/2020,15,FC Koln,Leverkusen,2,0
2019-12-14,2019/2020,15,Bayern Munich,Werder Bremen,6,1
2019-12-14,2019/2020,15,Hertha,Freiburg,1,0
2019-12-15,2019/2020,15,Wolfsburg,M'gladbach,2,1
2019-12-15,2019/2020,15,Schalke 04,Ein Frankfurt,1,0
2019-12-17,2019/2020,16,Werder Bremen,Mainz,0,5
2019-12-17,2019/2020,16,Augsburg,Fortuna Dusseldorf,3,0
2019-12-17,2019/2020,16,Dortmund,RB Leipzig,3,3
2019-12-17,2019/2020,16,Union Berlin,Hoffenheim,0,2
2019-12-18,2019/2020,16,Wolfsburg,Schalke 04,1,1
2019-12-18,2019/2020,16,M'gladbach,Paderborn,2,0
2019-12-18,2019/2020,16,Ein Frankfurt,FC Koln,2,4
2019-12-18,2019/2020,16,Leverkusen,Hertha,0,1
2019-12-18,2019/2020,16,Freiburg,Bayern Munich,1,3
2019-12-20,2019/2020,17,Hoffenheim,Dortmund,2,1
2019-12-21,2019/2020,17,Schalke 04,Freiburg,2,2
2019-12-21,2019/2020,17,Bayern Munich,Wolfsburg,2,0
2019-12-21,2019/2020,17,FC Koln,Werder Bremen,1,0
2019-12-21,2019/2020,17,Mainz,Leverkusen,0,1
2019-12-21,2019/2020,17,RB Leipzig,Augsburg,3,1
2019-12-21,2019/2020,17,Hertha,M'gladbach,0,0
2019-12-22,2019/2020,17,Paderborn,Ein Frankfurt,2,1
2019-12-22,2019/2020,17,Fortuna Dusseldorf,Union Berlin,2,1
2020-01-17,2019/2020,18,Schalke 04,M'gladbach,2,0
2020-01-18,2019/2020,18,Augsburg,Dortmund,3,5
2020-01-18,2019/2020,18,FC Koln,Wolfsburg,3,1
2020-01-18,2019/2020,18,Fortuna Dusseldorf,Werder Bremen,0,1
2020-01-18,2019/2020,18,Hoffenheim,Ein Frankfurt,1,2
2020-01-18,2019/2020,18,Mainz,Freiburg,1,2
2020-01-18,2019/2020,18,RB Leipzig,Union Berlin,3,1
2020-01-19,2019/2020,18,Paderborn,Leverkusen,1,4
2020-01-19,2019/2020,18,Hertha,Bayern Munich,0,4
2020-01-24,2019/2020,19,Dortmund,FC Koln,5,1
2020-01-25,2019/2020,19,Ein Frankfurt,RB Leipzig,2,0
2020-01-25,2019/2020,19,Freiburg,Paderborn,0,2
2020-01-25,2019/2020,19,M'gladbach,Mainz,3,1
2020-01-25,2019/2020,19,Union Berlin,Augsburg,2,0
2020-01-25,2019/2020,19,Wolfsburg,Hertha,1,2
2020-01-25,2019/2020,19,Bayern Munich,Schalke 04,5,0
2020-01-26,2019/2020,19,Werder Bremen,Hoffenheim,0,3
2020-01-26,2019/2020,19,Leverkusen,Fortuna Dusseldorf,3,0
2020-01-31,2019/2020,20,Hertha,Schalke 04,0,0
2020-02-01,2019/2020,20,Augsburg,Werder Bremen,2,1
2020-02-01,2019/2020,20,Dortmund,Union Berlin,5,0
2020-02-01,2019/2020,20,Fortuna Dusseldorf,Ein Frankfurt,1,1
2020-02-01,2019/2020,20,Hoffenheim,Leverkusen,2,1
2020-02-01,2019/2020,20,Mainz,Bayern Munich,1,3
2020-02-01,2019/2020,20,RB Leipzig,M'gladbach,2,2
2020-02-02,2019/2020,20,FC Koln,Freiburg,4,0
2020-02-02,2019/2020,20,Paderborn,Wolfsburg,2,4
2020-02-07,2019/2020,21,Ein Frankfurt,Augsburg,5,0
2020-02-08,2019/2020,21,Freiburg,Hoffenheim,1,0
2020-02-08,2019/2020,21,Hertha,Mainz,1,3
2020-02-08,2019/2020,21,Schalke 04,Paderborn,1,1
2020-02-08,2019/2020,21,Werder Bremen,Union Berlin,0,2
2020-02-08,2019/2020,21,Wolfsburg,Fortuna Dusseldorf,1,1
2020-02-08,2019/2020,21,Leverkusen,Dortmund,4,3
2020-02-09,2019/2020,21,Bayern Munich,RB Leipzig,0,0
2020-02-14,2019/2020,21,Dortmund,Ein Frankfurt,4,0
2020-02-15,2019/2020,22,Union Berlin,Leverkusen,2,3
2020-02-15,2019/2020,22,Fortuna Dusseldorf,M'gladbach,1,4
2020-02-15,2019/2020,22,RB Leipzig,Werder Bremen,3,0
2020-02-15,2019/2020,22,Augsburg,Freiburg,1,1
2020-02-15,2019/2020,22,Hoffenheim,Wolfsburg,2,3
2020-02-15,2019/2020,22,Paderborn,Hertha,1,2
2020-02-16,2019/2020,22,FC Koln,Bayern Munich,1,4
2020-02-16,2019/2020,22,Mainz,Schalke 04,0,0
2020-02-21,2019/2020,22,Bayern Munich,Paderborn,3,2
2020-02-22,2019/2020,23,Freiburg,Fortuna Dusseldorf,0,2
2020-02-22,2019/2020,23,Hertha,FC Koln,0,5
2020-02-22,2019/2020,23,M'gladbach,Hoffenheim,1,1
2020-02-22,2019/2020,23,Werder Bremen,Dortmund,0,2
2020-02-22,2019/2020,23,Schalke 04,RB Leipzig,0,5
2020-02-23,2019/2020,23,Leverkusen,Augsburg,2,0
2020-02-23,2019/2020,23,Wolfsburg,Mainz,4,0
2020-02-24,2019/2020,23,Ein Frankfurt,Union Berlin,1,2
2020-02-28,2019/2020,23,Fortuna Dusseldorf,Hertha,3,3
2020-02-29,2019/2020,24,FC Koln,Schalke 04,3,0
2020-02-29,2019/2020,24,Mainz,Paderborn,2,0
2020-02-29,2019/2020,24,Dortmund,Freiburg,1,0
2020-02-29,2019/2020,24,Augsburg,M'gladbach,2,3
2020-02-29,2019/2020,24,Hoffenheim,Bayern Munich,0,6
2020-03-01,2019/2020,24,Union Berlin,Wolfsburg,2,2
2020-03-01,2019/2020,24,RB Leipzig,Leverkusen,1,1
2020-03-06,2019/2020,24,Paderborn,FC Koln,1,2
2020-03-07,2019/2020,24,Freiburg,Union Berlin,3,1
2020-03-07,2019/2020,25,Hertha,Werder Bremen,2,2
2020-03-07,2019/2020,25,Leverkusen,Ein Frankfurt,4,0
2020-03-07,2019/2020,25,Schalke 04,Hoffenheim,1,1
2020-03-07,2019/2020,25,Wolfsburg,RB Leipzig,0,0
2020-03-07,2019/2020,25,M'gladbach,Dortmund,1,2
2020-03-08,2019/2020,25,Mainz,Fortuna Dusseldorf,1,1
2020-03-08,2019/2020,25,Bayern Munich,Augsburg,2,0
2020-03-11,2019/2020,25,M'gladbach,FC Koln,2,1
2020-05-16,2019/2020,26,RB Leipzig,Freiburg,1,1
2020-05-16,2019/2020,26,Ein Frankfurt,M'gladbach,1,3
2020-05-16,2019/2020,26,Hoffenheim,Hertha,0,3
2020-05-16,2019/2020,26,Dortmund,Schalke 04,4,0
2020-05-16,2019/2020,25,Augsburg,Wolfsburg,1,2
2020-05-16,2019/2020,26,Fortuna Dusseldorf,Paderborn,0,0
2020-05-17,2019/2020,26,FC Koln,Mainz,2,2
2020-05-17,2019/2020,26,Union Berlin,Bayern Munich,0,2
2020-05-18,2019/2020,26,Werder Bremen,Leverkusen,1,4
2020-05-22,2019/2020,26,Hertha,Union Berlin,4,0
2020-05-23,2019/2020,27,Wolfsburg,Dortmund,0,2
2020-05-23,2019/2020,27,Freiburg,Werder Bremen,0,1
2020-05-23,2019/2020,27,M'gladbach,Leverkusen,1,3
2020-05-23,2019/2020,27,Paderborn,Hoffenheim,1,1
2020-05-23,2019/2020,27,Bayern Munich,Ein Frankfurt,5,2
2020-05-24,2019/2020,27,Schalke 04,Augsburg,0,3
2020-05-24,2019/2020,27,Mainz,RB Leipzig,0,5
2020-05-24,2019/2020,27,FC Koln,Fortuna Dusseldorf,2,2
2020-05-26,2019/2020,28,Werder Bremen,M'gladbach,0,0
2020-05-26,2019/2020,28,Leverkusen,Wolfsburg,1,4
2020-05-26,2019/2020,27,Dortmund,Bayern Munich,0,1
2020-05-26,2019/2020,28,Ein Frankfurt,Freiburg,3,3
2020-05-27,2019/2020,28,Union Berlin,Mainz,1,1
2020-05-27,2019/2020,28,Hoffenheim,FC Koln,3,1
2020-05-27,2019/2020,28,RB Leipzig,Hertha,2,2
2020-05-27,2019/2020,28,Augsburg,Paderborn,0,0
2020-05-27,2019/2020,28,Fortuna Dusseldorf,Schalke 04,2,1
2020-05-29,2019/2020,28,Freiburg,Leverkusen,0,1
2020-05-30,2019/2020,29,Hertha,Augsburg,2,0
2020-05-30,2019/2020,29,Mainz,Hoffenheim,0,1
2020-05-30,2019/2020,29,Schalke 04,Werder Bremen,0,1
2020-05-30,2019/2020,29,Wolfsburg,Ein Frankfurt,1,2
2020-05-30,2019/2020,29,Bayern Munich,Fortuna Dusseldorf,5,0
2020-05-31,2019/2020,29,M'gladbach,Union Berlin,4,1
2020-05-31,2019/2020,29,Paderborn,Dortmund,1,6
2020-06-01,2019/2020,29,FC Koln,RB Leipzig,2,4
2020-06-03,2019/2020,29,Werder Bremen,Ein Frankfurt,0,3
2020-06-05,2019/2020,30,Freiburg,M'gladbach,1,0
2020-06-06,2019/2020,30,Fortuna Dusseldorf,Hoffenheim,2,2
2020-06-06,2019/2020,30,Dortmund,Hertha,1,0
2020-06-06,2019/2020,30,RB Leipzig,Paderborn,1,1
2020-06-06,2019/2020,30,Ein Frankfurt,Mainz,0,2
2020-06-06,2019/2020,30,Leverkusen,Bayern Munich,2,4
2020-06-07,2019/2020,30,Werder Bremen,Wolfsburg,0,1
2020-06-07,2019/2020,30,Union Berlin,Schalke 04,1,1
2020-06-07,2019/2020,30,Augsburg,FC Koln,1,1
2020-06-12,2019/2020,31,Hoffenheim,RB Leipzig,0,2
2020-06-13,2019/2020,31,FC Koln,Union Berlin,1,2
2020-06-13,2019/2020,31,Fortuna Dusseldorf,Dortmund,0,1
2020-06-13,2019/2020,31,Hertha,Ein Frankfurt,1,4
2020-06-13,2019/2020,31,Paderborn,Werder Bremen,1,5
2020-06-13,2019/2020,31,Wolfsburg,Freiburg,2,2
2020-06-13,2019/2020,31,Bayern Munich,M'gladbach,2,1
2020-06-14,2019/2020,31,Schalke 04,Leverkusen,1,1
2020-06-14,2019/2020,31,Mainz,Augsburg,0,1
2020-06-16,2019/2020,32,Werder Bremen,Bayern Munich,0,1
2020-06-16,2019/2020,32,Union Berlin,Paderborn,1,0
2020-06-16,2019/2020,32,M'gladbach,Wolfsburg,3,0
2020-06-16,2019/2020,32,Freiburg,Hertha,2,1
2020-06-17,2019/2020,32,Ein Frankfurt,Schalke 04,2,1
2020-06-17,2019/2020,32,Augsburg,Hoffenheim,1,3
2020-06-17,2019/2020,32,Dortmund,Mainz,0,2
2020-06-17,2019/2020,32,Leverkusen,FC Koln,3,1
2020-06-17,2019/2020,32,RB Leipzig,Fortuna Dusseldorf,2,2
2020-06-20,2019/2020,33,Mainz,Werder Bremen,3,1
2020-06-20,2019/2020,33,Paderborn,M'gladbach,1,3
2020-06-20,2019/2020,33,Hoffenheim,Union Berlin,4,0
2020-06-20,2019/2020,33,RB Leipzig,Dortmund,0,2
2020-06-20,2019/2020,33,Fortuna Dusseldorf,Augsburg,1,1
2020-06-20,2019/2020,33,FC Koln,Ein Frankfurt,1,1
2020-06-20,2019/2020,33,Bayern Munich,Freiburg,3,1
2020-06-20,2019/2020,33,Hertha,Leverkusen,2,0
2020-06-20,2019/2020,33,Schalke 04,Wolfsburg,1,4
2020-06-27,2019/2020,34,M'gladbach,Hertha,2,1
2020-06-27,2019/2020,34,Union Berlin,Fortuna Dusseldorf,3,0
2020-06-27,2019/2020,34,Leverkusen,Mainz,1,0
2020-06-27,2019/2020,34,Werder Bremen,FC Koln,6,1
2020-06-27,2019/2020,34,Ein Frankfurt,Paderborn,3,2
2020-06-27,2019/2020,34,Dortmund,Hoffenheim,0,4
2020-06-27,2019/2020,34,Augsburg,RB Leipzig,1,2
2020-06-27,2019/2020,34,Freiburg,Schalke 04,4,0
2020-06-27,2019/2020,34,Wolfsburg,Bayern Munich,0,4
2020-09-18,2020/2021,1,Bayern Munich,Schalke 04,8,0
2020-09-19,2020/2021,1,Ein Frankfurt,Bielefeld,1,1
2020-09-19,2020/2021,1,FC Koln,Hoffenheim,2,3
2020-09-19,2020/2021,1,Stuttgart,Freiburg,2,3
2020-09-19,2020/2021,1,Union Berlin,Augsburg,1,3
2020-09-19,2020/2021,1,Werder Bremen,Hertha,1,4
2020-09-19,2020/2021,1,Dortmund,M'gladbach,3,0
2020-09-20,2020/2021,1,RB Leipzig,Mainz,3,1
2020-09-20,2020/2021,1,Wolfsburg,Leverkusen,0,0
2020-09-25,2020/2021,2,Hertha,Ein Frankfurt,1,3
2020-09-26,2020/2021,2,Schalke 04,Werder Bremen,1,3
2020-09-26,2020/2021,2,M'gladbach,Union Berlin,1,1
2020-09-26,2020/2021,2,Mainz,Stuttgart,1,4
2020-09-26,2020/2021,2,Augsburg,Dortmund,2,0
2020-09-26,2020/2021,2,Bielefeld,FC Koln,1,0
2020-09-26,2020/2021,2,Leverkusen,RB Leipzig,1,1
2020-09-27,2020/2021,2,Hoffenheim,Bayern Munich,4,1
2020-09-27,2020/2021,2,Freiburg,Wolfsburg,1,1
2020-10-02,2020/2021,3,Union Berlin,Mainz,4,0
2020-10-03,2020/2021,3,Werder Bremen,Bielefeld,1,0
2020-10-03,2020/2021,3,RB Leipzig,Schalke 04,4,0
2020-10-03,2020/2021,3,Stuttgart,Leverkusen,1,1
2020-10-03,2020/2021,3,Dortmund,Freiburg,4,0
2020-10-03,2020/2021,3,Ein Frankfurt,Hoffenheim,2,1
2020-10-03,2020/2021,3,FC Koln,M'gladbach,1,3
2020-10-04,2020/2021,3,Wolfsburg,Augsburg,0,0
2020-10-04,2020/2021,3,Bayern Munich,Hertha,4,3
2020-10-17,2020/2021,4,Augsburg,RB Leipzig,0,2
2020-10-17,2020/2021,4,Freiburg,Werder Bremen,1,1
2020-10-17,2020/2021,4,Hertha,Stuttgart,0,2
2020-10-17,2020/2021,4,Hoffenheim,Dortmund,0,1
2020-10-17,2020/2021,4,Mainz,Leverkusen,0,1
2020-10-17,2020/2021,4,Bielefeld,Bayern Munich,1,4
2020-10-17,2020/2021,4,M'gladbach,Wolfsburg,1,1
2020-10-18,2020/2021,4,FC Koln,Ein Frankfurt,1,1
2020-10-18,2020/2021,4,Schalke 04,Union Berlin,1,1
2020-10-23,2020/2021,5,Stuttgart,FC Koln,1,1
2020-10-24,2020/2021,5,Dortmund,Schalke 04,3,0
2020-10-24,2020/2021,5,Union Berlin,Freiburg,1,1
2020-10-24,2020/2021,5,Bayern Munich,Ein Frankfurt,5,0
2020-10-24,2020/2021,5,Mainz,M'gladbach,2,3
2020-10-24,2020/2021,5,RB Leipzig,Hertha,2,1
2020-10-25,2020/2021,5,Wolfsburg,Bielefeld,2,1
2020-10-25,2020/2021,5,Werder Bremen,Hoffenheim,1,1
2020-10-26,2020/2021,5,Leverkusen,Augsburg,3,1
2020-10-30,2020/2021,6,Schalke 04,Stuttgart,1,1
2020-10-31,2020/2021,6,Augsburg,Mainz,3,1
2020-10-31,2020/2021,6,Bielefeld,Dortmund,0,2
2020-10-31,2020/2021,6,FC Koln,Bayern Munich,1,2
2020-10-31,2020/2021,6,M'gladbach,RB Leipzig,1,0
2020-10-31,2020/2021,6,Ein Frankfurt,Werder Bremen,1,1
2020-11-01,2020/2021,6,Freiburg,Leverkusen,2,4
2020-11-01,2020/2021,6,Hertha,Wolfsburg,1,1
2020-11-02,2020/2021,6,Hoffenheim,Union Berlin,1,3
2020-11-06,2020/2021,7,Werder Bremen,FC Koln,1,1
2020-11-07,2020/2021,7,Stuttgart,Ein Frankfurt,2,2
2020-11-07,2020/2021,7,Union Berlin,Bielefeld,5,0
2020-11-07,2020/2021,7,Dortmund,Bayern Munich,2,3
2020-11-07,2020/2021,7,RB Leipzig,Freiburg,3,0
2020-11-07,2020/2021,7,Augsburg,Hertha,0,3
2020-11-07,2020/2021,7,Mainz,Schalke 04,2,2
2020-11-08,2020/2021,7,Wolfsburg,Hoffenheim,2,1
2020-11-08,2020/2021,7,Leverkusen,M'gladbach,4,3
2020-11-21,2020/2021,8,Hertha,Dortmund,2,5
2020-11-21,2020/2021,8,Ein Frankfurt,RB Leipzig,1,1
2020-11-21,2020/2021,8,M'gladbach,Augsburg,1,1
2020-11-21,2020/2021,8,Schalke 04,Wolfsburg,0,2
2020-11-21,2020/2021,8,Bielefeld,Leverkusen,1,2
2020-11-21,2020/2021,8,Bayern Munich,Werder Bremen,1,1
2020-11-21,2020/2021,8,Hoffenheim,Stuttgart,3,3
2020-11-22,2020/2021,8,Freiburg,Mainz,1,3
2020-11-22,2020/2021,8,FC Koln,Union Berlin,1,2
2020-11-27,2020/2021,9,Wolfsburg,Werder Bremen,5,3
2020-11-28,2020/2021,9,Union Berlin,Ein Frankfurt,3,3
2020-11-28,2020/2021,9,M'gladbach,Schalke 04,4,1
2020-11-28,2020/2021,9,Stuttgart,Bayern Munich,1,3
2020-11-28,2020/2021,9,Dortmund,FC Koln,1,2
2020-11-28,2020/2021,9,RB Leipzig,Bielefeld,2,1
2020-11-28,2020/2021,9,Augsburg,Freiburg,1,1
2020-11-29,2020/2021,9,Leverkusen,Hertha,0,0
2020-11-29,2020/2021,9,Mainz,Hoffenheim,1,1
2020-12-04,2020/2021,10,Hertha,Union Berlin,3,1
2020-12-05,2020/2021,10,Bayern Munich,RB Leipzig,3,3
2020-12-05,2020/2021,10,FC Koln,Wolfsburg,2,2
2020-12-05,2020/2021,10,Freiburg,M'gladbach,2,2
2020-12-05,2020/2021,10,Bielefeld,Mainz,2,1
2020-12-05,2020/2021,10,Ein Frankfurt,Dortmund,1,1
2020-12-06,2020/2021,10,Werder Bremen,Stuttgart,1,2
2020-12-06,2020/2021,10,Schalke 04,Leverkusen,0,3
2020-12-07,2020/2021,10,Hoffenheim,Augsburg,3,1
2020-12-11,2020/2021,11,Wolfsburg,Ein Frankfurt,2,1
2020-12-12,2020/2021,11,RB Leipzig,Werder Bremen,2,0
2020-12-12,2020/2021,11,Union Berlin,Bayern Munich,1,1
2020-12-12,2020/2021,11,M'gladbach,Hertha,1,1
2020-12-12,2020/2021,11,Mainz,FC Koln,0,1
2020-12-12,2020/2021,11,Freiburg,Bielefeld,2,0
2020-12-12,2020/2021,11,Dortmund,Stuttgart,1,5
2020-12-13,2020/2021,11,Augsburg,Schalke 04,2,2
2020-12-13,2020/2021,11,Leverkusen,Hoffenheim,4,1
2020-12-15,2020/2021,12,Ein Frankfurt,M'gladbach,3,3
2020-12-15,2020/2021,12,Hertha,Mainz,0,0
2020-12-15,2020/2021,12,Stuttgart,Union Berlin,2,2
2020-12-15,2020/2021,12,Werder Bremen,Dortmund,1,2
2020-12-16,2020/2021,12,Schalke 04,Freiburg,0,2
2020-12-16,2020/2021,12,Bayern Munich,Wolfsburg,2,1
2020-12-16,2020/2021,12,Bielefeld,Augsburg,0,1
2020-12-16,2020/2021,12,FC Koln,Leverkusen,0,4
2020-12-16,2020/2021,12,Hoffenheim,RB Leipzig,0,1
2020-12-18,2020/2021,13,Union Berlin,Dortmund,2,1
2020-12-19,2020/2021,13,Leverkusen,Bayern Munich,1,2
2020-12-19,2020/2021,13,Schalke 04,Bielefeld,0,1
2020-12-19,2020/2021,13,RB Leipzig,FC Koln,0,0
2020-12-19,2020/2021,13,M'gladbach,Hoffenheim,1,2
2020-12-19,2020/2021,13,Mainz,Werder Bremen,0,1
2020-12-19,2020/2021,13,Augsburg,Ein Frankfurt,0,2
2020-12-20,2020/2021,13,Freiburg,Hertha,4,1
2020-12-20,2020/2021,13,Wolfsburg,Stuttgart,1,0
2021-01-02,2020/2021,14,Stuttgart,RB Leipzig,0,1
2021-01-02,2020/2021,14,Hertha,Schalke 04,3,0
2021-01-02,2020/2021,14,Werder Bremen,Union Berlin,0,2
2021-01-02,2020/2021,14,Hoffenheim,Freiburg,1,3
2021-01-02,2020/2021,14,FC Koln,Augsburg,0,1
2021-01-02,2020/2021,14,Ein Frankfurt,Leverkusen,2,1
2021-01-02,2020/2021,14,Bielefeld,M'gladbach,0,1
2021-01-03,2020/2021,14,Dortmund,Wolfsburg,2,0
2021-01-03,2020/2021,14,Bayern Munich,Mainz,5,2
2021-01-08,2020/2021,15,M'gladbach,Bayern Munich,3,2
2021-01-09,2020/2021,15,RB Leipzig,Dortmund,1,3
2021-01-09,2020/2021,15,Union Berlin,Wolfsburg,2,2
2021-01-09,2020/2021,15,Mainz,Ein Frankfurt,0,2
2021-01-09,2020/2021,15,Leverkusen,Werder Bremen,1,1
2021-01-09,2020/2021,15,Freiburg,FC Koln,5,0
2021-01-09,2020/2021,15,Schalke 04,Hoffenheim,4,0
2021-01-10,2020/2021,15,Augsburg,Stuttgart,1,4
2021-01-10,2020/2021,15,Bielefeld,Hertha,1,0
2021-01-15,2020/2021,16,Union Berlin,Leverkusen,1,0
2021-01-16,2020/2021,16,Dortmund,Mainz,1,1
2021-01-16,2020/2021,16,FC Koln,Hertha,0,0
2021-01-16,2020/2021,16,Hoffenheim,Bielefeld,0,0
2021-01-16,2020/2021,16,Werder Bremen,Augsburg,2,0
2021-01-16,2020/2021,16,Wolfsburg,RB Leipzig,2,2
2021-01-16,2020/2021,16,Stuttgart,M'gladbach,2,2
2021-01-17,2020/2021,16,Ein Frankfurt,Schalke 04,3,1
2021-01-17,2020/2021,16,Bayern Munich,Freiburg,2,1
2021-01-19,2020/2021,17,Hertha,Hoffenheim,0,3
2021-01-19,2020/2021,17,Leverkusen,Dortmund,2,1
2021-01-19,2020/2021,17,M'gladbach,Werder Bremen,1,0
2021-01-19,2020/2021,17,Mainz,Wolfsburg,0,2
2021-01-20,2020/2021,17,Freiburg,Ein Frankfurt,2,2
2021-01-20,2020/2021,17,Bielefeld,Stuttgart,3,0
2021-01-20,2020/2021,17,RB Leipzig,Union Berlin,1,0
2021-01-20,2020/2021,17,Schalke 04,FC Koln,1,2
2021-01-20,2020/2021,17,Augsburg,Bayern Munich,0,1
2021-01-22,2020/2021,18,M'gladbach,Dortmund,4,2
2021-01-23,2020/2021,18,Augsburg,Union Berlin,2,1
2021-01-23,2020/2021,18,Bielefeld,Ein Frankfurt,1,5
2021-01-23,2020/2021,18,Freiburg,Stuttgart,2,1
2021-01-23,2020/2021,18,Leverkusen,Wolfsburg,0,1
2021-01-23,2020/2021,18,Mainz,RB Leipzig,3,2
2021-01-23,2020/2021,18,Hertha,Werder Bremen,1,4
2021-01-24,2020/2021,18,Hoffenheim,FC Koln,3,0
2021-01-24,2020/2021,18,Schalke 04,Bayern Munich,0,4
2021-01-29,2020/2021,19,Stuttgart,Mainz,2,0
2021-01-30,2020/2021,19,Bayern Munich,Hoffenheim,4,1
2021-01-30,2020/2021,19,Dortmund,Augsburg,3,1
2021-01-30,2020/2021,19,Ein Frankfurt,Hertha,3,1
2021-01-30,2020/2021,19,Union Berlin,M'gladbach,1,1
2021-01-30,2020/2021,19,Werder Bremen,Schalke 04,1,1
2021-01-30,2020/2021,19,RB Leipzig,Leverkusen,1,0
2021-01-31,2020/2021,19,FC Koln,Bielefeld,3,1
2021-01-31,2020/2021,19,Wolfsburg,Freiburg,3,0
2021-02-05,2020/2021,20,Hertha,Bayern Munich,0,1
2021-02-06,2020/2021,20,Augsburg,Wolfsburg,0,2
2021-02-06,2020/2021,20,Freiburg,Dortmund,2,1
2021-02-06,2020/2021,20,Leverkusen,Stuttgart,5,2
2021-02-06,2020/2021,20,Mainz,Union Berlin,1,0
2021-02-06,2020/2021,20,Schalke 04,RB Leipzig,0,3
2021-02-06,2020/2021,20,M'gladbach,FC Koln,1,2
2021-02-07,2020/2021,20,Hoffenheim,Ein Frankfurt,1,3
2021-02-12,2020/2021,20,RB Leipzig,Augsburg,2,1
2021-02-13,2020/2021,21,Union Berlin,Schalke 04,0,0
2021-02-13,2020/2021,21,Werder Bremen,Freiburg,0,0
2021-02-13,2020/2021,21,Leverkusen,Mainz,2,2
2021-02-13,2020/2021,21,Dortmund,Hoffenheim,2,2
2021-02-13,2020/2021,21,Stuttgart,Hertha,1,1
2021-02-14,2020/2021,21,Ein Frankfurt,FC Koln,2,0
2021-02-14,2020/2021,21,Wolfsburg,M'gladbach,0,0
2021-02-15,2020/2021,21,Bayern Munich,Bielefeld,3,3
2021-02-19,2020/2021,21,Bielefeld,Wolfsburg,0,3
2021-02-20,2020/2021,22,Schalke 04,Dortmund,0,4
2021-02-20,2020/2021,22,M'gladbach,Mainz,1,2
2021-02-20,2020/2021,22,FC Koln,Stuttgart,0,1
2021-02-20,2020/2021,22,Ein Frankfurt,Bayern Munich,2,1
2021-02-20,2020/2021,22,Freiburg,Union Berlin,0,1
2021-02-21,2020/2021,22,Augsburg,Leverkusen,1,1
2021-02-21,2020/2021,22,Hertha,RB Leipzig,0,3
2021-02-21,2020/2021,22,Hoffenheim,Werder Bremen,4,0
2021-02-26,2020/2021,22,Werder Bremen,Ein Frankfurt,2,1
2021-02-27,2020/2021,23,Bayern Munich,FC Koln,5,1
2021-02-27,2020/2021,23,Dortmund,Bielefeld,3,0
2021-02-27,2020/2021,23,Wolfsburg,Hertha,2,0
2021-02-27,2020/2021,23,RB Leipzig,M'gladbach,3,2
2021-02-27,2020/2021,23,Stuttgart,Schalke 04,5,1
2021-02-28,2020/2021,23,Union Berlin,Hoffenheim,1,1
2021-02-28,2020/2021,23,Mainz,Augsburg,0,1
2021-02-28,2020/2021,23,Leverkusen,Freiburg,1,2
2021-03-05,2020/2021,23,Schalke 04,Mainz,0,0
2021-03-06,2020/2021,24,Hoffenheim,Wolfsburg,2,1
2021-03-06,2020/2021,24,M'gladbach,Leverkusen,0,1
2021-03-06,2020/2021,24,Bayern Munich,Dortmund,4,2
2021-03-06,2020/2021,24,Hertha,Augsburg,2,1
2021-03-06,2020/2021,24,Ein Frankfurt,Stuttgart,1,1
2021-03-06,2020/2021,24,Freiburg,RB Leipzig,0,3
2021-03-07,2020/2021,24,FC Koln,Werder Bremen,1,1
2021-03-07,2020/2021,24,Bielefeld,Union Berlin,0,0
2021-03-10,2020/2021,24,Bielefeld,Werder Bremen,0,2
2021-03-12,2020/2021,25,Augsburg,M'gladbach,3,1
2021-03-13,2020/2021,25,Dortmund,Hertha,2,0
2021-03-13,2020/2021,25,Wolfsburg,Schalke 04,5,0
2021-03-13,2020/2021,25,Werder Bremen,Bayern Munich,1,3
2021-03-13,2020/2021,25,Mainz,Freiburg,1,0
2021-03-13,2020/2021,25,Union Berlin,FC Koln,2,1
2021-03-14,2020/2021,25,Leverkusen,Bielefeld,1,2
2021-03-14,2020/2021,25,RB Leipzig,Ein Frankfurt,1,1
2021-03-14,2020/2021,25,Stuttgart,Hoffenheim,2,0
2021-03-19,2020/2021,26,Bielefeld,RB Leipzig,0,1
2021-03-20,2020/2021,26,Werder Bremen,Wolfsburg,1,2
2021-03-20,2020/2021,26,Schalke 04,M'gladbach,0,3
2021-03-20,2020/2021,26,FC Koln,Dortmund,2,2
2021-03-20,2020/2021,26,Bayern Munich,Stuttgart,4,0
2021-03-20,2020/2021,26,Ein Frankfurt,Union Berlin,5,2
2021-03-21,2020/2021,26,Hoffenheim,Mainz,1,2
2021-03-21,2020/2021,26,Hertha,Leverkusen,3,0
2021-03-21,2020/2021,26,Freiburg,Augsburg,2,0
2021-04-03,2020/2021,27,M'gladbach,Freiburg,2,1
2021-04-03,2020/2021,27,RB Leipzig,Bayern Munich,0,1
2021-04-03,2020/2021,27,Wolfsburg,FC Koln,1,0
2021-04-03,2020/2021,27,Mainz,Bielefeld,1,1
2021-04-03,2020/2021,27,Leverkusen,Schalke 04,2,1
2021-04-03,2020/2021,27,Dortmund,Ein Frankfurt,1,2
2021-04-03,2020/2021,27,Augsburg,Hoffenheim,2,1
2021-04-04,2020/2021,27,Stuttgart,Werder Bremen,1,0
2021-04-04,2020/2021,27,Union Berlin,Hertha,1,1
2021-04-09,2020/2021,28,Bielefeld,Freiburg,1,0
2021-04-10,2020/2021,28,Stuttgart,Dortmund,2,3
2021-04-10,2020/2021,28,Werder Bremen,RB Leipzig,1,4
2021-04-10,2020/2021,28,Hertha,M'gladbach,2,2
2021-04-10,2020/2021,28,Ein Frankfurt,Wolfsburg,4,3
2021-04-10,2020/2021,28,Bayern Munich,Union Berlin,1,1
2021-04-11,2020/2021,28,Schalke 04,Augsburg,1,0
2021-04-11,2020/2021,28,FC Koln,Mainz,2,3
2021-04-12,2020/2021,28,Hoffenheim,Leverkusen,0,0
2021-04-16,2020/2021,29,RB Leipzig,Hoffenheim,0,0
2021-04-17,2020/2021,29,Leverkusen,FC Koln,3,0
2021-04-17,2020/2021,29,Wolfsburg,Bayern Munich,2,3
2021-04-17,2020/2021,29,Union Berlin,Stuttgart,2,1
2021-04-17,2020/2021,29,M'gladbach,Ein Frankfurt,4,0
2021-04-17,2020/2021,29,Freiburg,Schalke 04,4,0
2021-04-17,2020/2021,29,Augsburg,Bielefeld,0,0
2021-04-18,2020/2021,29,Dortmund,Werder Bremen,4,1
2021-04-20,2020/2021,29,FC Koln,RB Leipzig,2,1
2021-04-20,2020/2021,30,Bayern Munich,Leverkusen,2,0
2021-04-20,2020/2021,30,Bielefeld,Schalke 04,1,0
2021-04-20,2020/2021,30,Ein Frankfurt,Augsburg,2,0
2021-04-21,2020/2021,30,Stuttgart,Wolfsburg,1,3
2021-04-21,2020/2021,30,Werder Bremen,Mainz,0,1
2021-04-21,2020/2021,30,Dortmund,Union Berlin,2,0
2021-04-21,2020/2021,30,Hoffenheim,M'gladbach,3,2
2021-04-23,2020/2021,30,Augsburg,FC Koln,2,3
2021-04-24,2020/2021,30,Freiburg,Hoffenheim,1,1
2021-04-24,2020/2021,31,Mainz,Bayern Munich,2,1
2021-04-24,2020/2021,31,Union Berlin,Werder Bremen,3,1
2021-04-24,2020/2021,31,Wolfsburg,Dortmund,0,2
2021-04-24,2020/2021,31,Leverkusen,Ein Frankfurt,3,1
2021-04-25,2020/2021,31,M'gladbach,Bielefeld,5,0
2021-04-25,2020/2021,31,RB Leipzig,Stuttgart,2,0
2021-05-03,2020/2021,31,Mainz,Hertha,1,1
2021-05-06,2020/2021,31,Hertha,Freiburg,3,0
2021-05-07,2020/2021,31,Stuttgart,Augsburg,2,1
2021-05-08,2020/2021,32,Bayern Munich,M'gladbach,6,0
2021-05-08,2020/2021,32,Dortmund,RB Leipzig,3,2
2021-05-08,2020/2021,32,Hoffenheim,Schalke 04,4,2
2021-05-08,2020/2021,32,Werder Bremen,Leverkusen,0,0
2021-05-08,2020/2021,32,Wolfsburg,Union Berlin,3,0
2021-05-09,2020/2021,32,Hertha,Bielefeld,0,0
2021-05-09,2020/2021,32,Ein Frankfurt,Mainz,1,1
2021-05-09,2020/2021,32,FC Koln,Freiburg,1,4
2021-05-12,2020/2021,32,Schalke 04,Hertha,1,2
2021-05-15,2020/2021,33,Augsburg,Werder Bremen,2,0
2021-05-15,2020/2021,33,Bielefeld,Hoffenheim,1,1
2021-05-15,2020/2021,33,Freiburg,Bayern Munich,2,2
2021-05-15,2020/2021,33,Hertha,FC Koln,0,0
2021-05-15,2020/2021,33,Leverkusen,Union Berlin,1,1
2021-05-15,2020/2021,33,M'gladbach,Stuttgart,1,2
2021-05-15,2020/2021,33,Schalke 04,Ein Frankfurt,4,3
2021-05-16,2020/2021,33,Mainz,Dortmund,1,3
2021-05-16,2020/2021,33,RB Leipzig,Wolfsburg,2,2
2021-05-22,2020/2021,34,Union Berlin,RB Leipzig,2,1
2021-05-22,2020/2021,34,Stuttgart,Bielefeld,0,2
2021-05-22,2020/2021,34,Hoffenheim,Hertha,2,1
2021-05-22,2020/2021,34,Werder Bremen,M'gladbach,2,4
2021-05-22,2020/2021,34,Ein Frankfurt,Freiburg,3,1
2021-05-22,2020/2021,34,Dortmund,Leverkusen,3,1
2021-05-22,2020/2021,34,Bayern Munich,Augsburg,5,2
2021-05-22,2020/2021,34,FC Koln,Schalke 04,1,0
2021-05-22,2020/2021,34,Wolfsburg,Mainz,2,3
2021-08-13,2021/2022,1,M'gladbach,Bayern Munich,1,1
2021-08-14,2021/2022,1,Augsburg,Hoffenheim,0,4
2021-08-14,2021/2022,1,Bielefeld,Freiburg,0,0
2021-08-14,2021/2022,1,Stuttgart,Greuther Furth,5,1
2021-08-14,2021/2022,1,Union Berlin,Leverkusen,1,1
2021-08-14,2021/2022,1,Wolfsburg,Bochum,1,0
2021-08-14,2021/2022,1,Dortmund,Ein Frankfurt,5,2
2021-08-15,2021/2022,1,Mainz,RB Leipzig,1,0
2021-08-15,2021/2022,1,FC Koln,Hertha,3,1
2021-08-20,2021/2022,2,RB Leipzig,Stuttgart,4,0
2021-08-21,2021/2022,2,Leverkusen,M'gladbach,4,0
2021-08-21,2021/2022,2,Hertha,Wolfsburg,1,2
2021-08-21,2021/2022,2,Greuther Furth,Bielefeld,1,1
2021-08-21,2021/2022,2,Bochum,Mainz,2,0
2021-08-21,2021/2022,2,Ein Frankfurt,Augsburg,0,0
2021-08-21,2021/2022,2,Freiburg,Dortmund,2,1
2021-08-22,2021/2022,2,Hoffenheim,Union Berlin,2,2
2021-08-22,2021/2022,2,Bayern Munich,FC Koln,3,2
2021-08-27,2021/2022,3,Dortmund,Hoffenheim,3,2
2021-08-28,2021/2022,3,Stuttgart,Freiburg,2,3
2021-08-28,2021/2022,3,Bayern Munich,Hertha,5,0
2021-08-28,2021/2022,3,Mainz,Greuther Furth,3,0
2021-08-28,2021/2022,3,Augsburg,Leverkusen,1,4
2021-08-28,2021/2022,3,Bielefeld,Ein Frankfurt,1,1
2021-08-28,2021/2022,3,FC Koln,Bochum,2,1
2021-08-29,2021/2022,3,Union Berlin,M'gladbach,2,1
2021-08-29,2021/2022,3,Wolfsburg,RB Leipzig,1,0
2021-09-11,2021/2022,4,Freiburg,FC Koln,1,1
2021-09-11,2021/2022,4,Greuther Furth,Wolfsburg,0,2
2021-09-11,2021/2022,4,Hoffenheim,Mainz,0,2
2021-09-11,2021/2022,4,Leverkusen,Dortmund,3,4
2021-09-11,2021/2022,4,Union Berlin,Augsburg,0,0
2021-09-11,2021/2022,4,RB Leipzig,Bayern Munich,1,4
2021-09-12,2021/2022,4,Ein Frankfurt,Stuttgart,1,1
2021-09-12,2021/2022,4,Bochum,Hertha,1,3
2021-09-12,2021/2022,4,M'gladbach,Bielefeld,3,1
2021-09-17,2021/2022,5,Hertha,Greuther Furth,2,1
2021-09-18,2021/2022,5,FC Koln,RB Leipzig,1,1
2021-09-18,2021/2022,5,Mainz,Freiburg,0,0
2021-09-18,2021/2022,5,Augsburg,M'gladbach,1,0
2021-09-18,2021/2022,5,Bayern Munich,Bochum,7,0
2021-09-18,2021/2022,5,Bielefeld,Hoffenheim,0,0
2021-09-19,2021/2022,5,Stuttgart,Leverkusen,1,3
2021-09-19,2021/2022,5,Dortmund,Union Berlin,4,2
2021-09-19,2021/2022,5,Wolfsburg,Ein Frankfurt,1,1
2021-09-24,2021/2022,6,Greuther Furth,Bayern Munich,1,3
2021-09-25,2021/2022,6,Ein Frankfurt,FC Koln,1,1
2021-09-25,2021/2022,6,Hoffenheim,Wolfsburg,3,1
2021-09-25,2021/2022,6,RB Leipzig,Hertha,6,0
2021-09-25,2021/2022,6,Union Berlin,Bielefeld,1,0
2021-09-25,2021/2022,6,M'gladbach,Dortmund,1,0
2021-09-25,2021/2022,6,Leverkusen,Mainz,1,0
2021-09-26,2021/2022,6,Bochum,Stuttgart,0,0
2021-09-26,2021/2022,6,Freiburg,Augsburg,3,0
2021-10-01,2021/2022,7,FC Koln,Greuther Furth,3,1
2021-10-02,2021/2022,7,Wolfsburg,M'gladbach,1,3
2021-10-02,2021/2022,7,RB Leipzig,Bochum,3,0
2021-10-02,2021/2022,7,Stuttgart,Hoffenheim,3,1
2021-10-02,2021/2022,7,Dortmund,Augsburg,2,1
2021-10-02,2021/2022,7,Hertha,Freiburg,1,2
2021-10-03,2021/2022,7,Mainz,Union Berlin,1,2
2021-10-03,2021/2022,7,Bayern Munich,Ein Frankfurt,1,2
2021-10-03,2021/2022,7,Bielefeld,Leverkusen,0,4
2021-10-15,2021/2022,8,Hoffenheim,FC Koln,5,0
2021-10-16,2021/2022,8,M'gladbach,Stuttgart,1,1
2021-10-16,2021/2022,8,Union Berlin,Wolfsburg,2,0
2021-10-16,2021/2022,8,Greuther Furth,Bochum,0,1
2021-10-16,2021/2022,8,Freiburg,RB Leipzig,1,1
2021-10-16,2021/2022,8,Dortmund,Mainz,3,1
2021-10-16,2021/2022,8,Ein Frankfurt,Hertha,1,2
2021-10-17,2021/2022,8,Leverkusen,Bayern Munich,1,5
2021-10-17,2021/2022,8,Augsburg,Bielefeld,1,1
2021-10-22,2021/2022,9,Mainz,Augsburg,4,1
2021-10-23,2021/2022,9,Hertha,M'gladbach,1,0
2021-10-23,2021/2022,9,Wolfsburg,Freiburg,0,2
2021-10-23,2021/2022,9,RB Leipzig,Greuther Furth,4,1
2021-10-23,2021/2022,9,Bielefeld,Dortmund,1,3
2021-10-23,2021/2022,9,Bayern Munich,Hoffenheim,4,0
2021-10-24,2021/2022,9,FC Koln,Leverkusen,2,2
2021-10-24,2021/2022,9,Stuttgart,Union Berlin,1,1
2021-10-24,2021/2022,9,Bochum,Ein Frankfurt,2,0
2021-10-29,2021/2022,10,Hoffenheim,Hertha,2,0
2021-10-30,2021/2022,10,Ein Frankfurt,RB Leipzig,1,1
2021-10-30,2021/2022,10,Union Berlin,Bayern Munich,2,5
2021-10-30,2021/2022,10,Leverkusen,Wolfsburg,0,2
2021-10-30,2021/2022,10,Freiburg,Greuther Furth,3,1
2021-10-30,2021/2022,10,Dortmund,FC Koln,2,0
2021-10-30,2021/2022,10,Bielefeld,Mainz,1,2
2021-10-31,2021/2022,10,Augsburg,Stuttgart,4,1
2021-10-31,2021/2022,10,M'gladbach,Bochum,2,1
2021-11-05,2021/2022,11,Mainz,M'gladbach,1,1
2021-11-06,2021/2022,11,RB Leipzig,Dortmund,2,1
2021-11-06,2021/2022,11,Wolfsburg,Augsburg,1,0
2021-11-06,2021/2022,11,Stuttgart,Bielefeld,0,1
2021-11-06,2021/2022,11,Bochum,Hoffenheim,2,0
2021-11-06,2021/2022,11,Bayern Munich,Freiburg,2,1
2021-11-07,2021/2022,11,Hertha,Leverkusen,1,1
2021-11-07,2021/2022,11,FC Koln,Union Berlin,2,2
2021-11-07,2021/2022,11,Greuther Furth,Ein Frankfurt,1,2
2021-11-19,2021/2022,12,Augsburg,Bayern Munich,2,1
2021-11-20,2021/2022,12,Union Berlin,Hertha,2,0
2021-11-20,2021/2022,12,M'gladbach,Greuther Furth,4,0
2021-11-20,2021/2022,12,Leverkusen,Bochum,1,0
2021-11-20,2021/2022,12,Hoffenheim,RB Leipzig,2,0
2021-11-20,2021/2022,12,Dortmund,Stuttgart,2,1
2021-11-20,2021/2022,12,Bielefeld,Wolfsburg,2,2
2021-11-21,2021/2022,12,Freiburg,Ein Frankfurt,0,2
2021-11-21,2021/2022,12,Mainz,FC Koln,1,1
2021-11-26,2021/2022,13,Stuttgart,Mainz,2,1
2021-11-27,2021/2022,13,Bayern Munich,Bielefeld,1,0
2021-11-27,2021/2022,13,Hertha,Augsburg,1,1
2021-11-27,2021/2022,13,Wolfsburg,Dortmund,1,3
2021-11-27,2021/2022,13,FC Koln,M'gladbach,4,1
2021-11-27,2021/2022,13,Bochum,Freiburg,2,1
2021-11-27,2021/2022,13,Greuther Furth,Hoffenheim,3,6
2021-11-28,2021/2022,13,Ein Frankfurt,Union Berlin,2,1
2021-11-28,2021/2022,13,RB Leipzig,Leverkusen,1,3
2021-12-03,2021/2022,14,Union Berlin,RB Leipzig,2,1
2021-12-04,2021/2022,14,Dortmund,Bayern Munich,2,3
2021-12-04,2021/2022,14,Mainz,Wolfsburg,3,0
2021-12-04,2021/2022,14,Leverkusen,Greuther Furth,7,1
2021-12-04,2021/2022,14,Hoffenheim,Ein Frankfurt,3,2
2021-12-04,2021/2022,14,Augsburg,Bochum,2,3
2021-12-04,2021/2022,14,Bielefeld,FC Koln,1,1
2021-12-05,2021/2022,14,Stuttgart,Hertha,2,2
2021-12-05,2021/2022,14,M'gladbach,Freiburg,0,6
2021-12-10,2021/2022,15,FC Koln,Augsburg,0,2
2021-12-11,2021/2022,15,Wolfsburg,Stuttgart,0,2
2021-12-11,2021/2022,15,Hertha,Bielefeld,2,0
2021-12-11,2021/2022,15,RB Leipzig,M'gladbach,4,1
2021-12-11,2021/2022,15,Bochum,Dortmund,1,1
2021-12-11,2021/2022,15,Bayern Munich,Mainz,2,1
2021-12-11,2021/2022,15,Freiburg,Hoffenheim,1,2
2021-12-12,2021/2022,15,Greuther Furth,Union Berlin,1,0
2021-12-12,2021/2022,15,Ein Frankfurt,Leverkusen,5,2
2021-12-14,2021/2022,16,Stuttgart,Bayern Munich,0,5
2021-12-14,2021/2022,16,Bielefeld,Bochum,2,0
2021-12-14,2021/2022,16,Mainz,Hertha,4,0
2021-12-14,2021/2022,16,Wolfsburg,FC Koln,2,3
2021-12-15,2021/2022,16,Union Berlin,Freiburg,0,0
2021-12-15,2021/2022,16,Leverkusen,Hoffenheim,2,2
2021-12-15,2021/2022,16,Augsburg,RB Leipzig,1,1
2021-12-15,2021/2022,16,M'gladbach,Ein Frankfurt,2,3
2021-12-15,2021/2022,16,Dortmund,Greuther Furth,3,0
2021-12-17,2021/2022,17,Bayern Munich,Wolfsburg,4,0
2021-12-18,2021/2022,17,RB Leipzig,Bielefeld,0,2
2021-12-18,2021/2022,17,Bochum,Union Berlin,0,1
2021-12-18,2021/2022,17,Ein Frankfurt,Mainz,1,0
2021-12-18,2021/2022,17,Greuther Furth,Augsburg,0,0
2021-12-18,2021/2022,17,Hoffenheim,M'gladbach,1,1
2021-12-18,2021/2022,17,Hertha,Dortmund,3,2
2021-12-19,2021/2022,17,FC Koln,Stuttgart,1,0
2021-12-19,2021/2022,17,Freiburg,Leverkusen,2,1
2022-01-07,2021/2022,18,Bayern Munich,M'gladbach,1,2
2022-01-08,2021/2022,18,Freiburg,Bielefeld,2,2
2022-01-08,2021/2022,18,Greuther Furth,Stuttgart,0,0
2022-01-08,2021/2022,18,Hoffenheim,Augsburg,3,1
2022-01-08,2021/2022,18,Leverkusen,Union Berlin,2,2
2022-01-08,2021/2022,18,RB Leipzig,Mainz,4,1
2022-01-08,2021/2022,18,Ein Frankfurt,Dortmund,2,3
2022-01-09,2021/2022,18,Hertha,FC Koln,1,3
2022-01-09,2021/2022,18,Bochum,Wolfsburg,1,0
2022-01-14,2021/2022,19,Dortmund,Freiburg,5,1
2022-01-15,2021/2022,19,Wolfsburg,Hertha,0,0
2022-01-15,2021/2022,19,Union Berlin,Hoffenheim,2,1
2022-01-15,2021/2022,19,FC Koln,Bayern Munich,0,4
2022-01-15,2021/2022,19,Mainz,Bochum,1,0
2022-01-15,2021/2022,19,M'gladbach,Leverkusen,1,2
2022-01-15,2021/2022,19,Stuttgart,RB Leipzig,0,2
2022-01-16,2021/2022,19,Bielefeld,Greuther Furth,2,2
2022-01-16,2021/2022,19,Augsburg,Ein Frankfurt,1,1
2022-01-21,2021/2022,20,Ein Frankfurt,Bielefeld,0,2
2022-01-22,2021/2022,20,M'gladbach,Union Berlin,1,2
2022-01-22,2021/2022,20,Bochum,FC Koln,2,2
2022-01-22,2021/2022,20,Leverkusen,Augsburg,5,1
2022-01-22,2021/2022,20,Freiburg,Stuttgart,2,0
2022-01-22,2021/2022,20,Greuther Furth,Mainz,2,1
2022-01-22,2021/2022,20,Hoffenheim,Dortmund,2,3
2022-01-23,2021/2022,20,RB Leipzig,Wolfsburg,2,0
2022-01-23,2021/2022,20,Hertha,Bayern Munich,1,4
2022-02-04,2021/2022,21,Hertha,Bochum,1,1
2022-02-05,2021/2022,21,Stuttgart,Ein Frankfurt,2,3
2022-02-05,2021/2022,21,Augsburg,Union Berlin,2,0
2022-02-05,2021/2022,21,Bielefeld,M'gladbach,1,1
2022-02-05,2021/2022,21,FC Koln,Freiburg,1,0
2022-02-05,2021/2022,21,Mainz,Hoffenheim,2,0
2022-02-05,2021/2022,21,Bayern Munich,RB Leipzig,3,2
2022-02-06,2021/2022,21,Wolfsburg,Greuther Furth,4,1
2022-02-06,2021/2022,21,Dortmund,Leverkusen,2,5
2022-02-11,2021/2022,22,RB Leipzig,FC Koln,3,1
2022-02-12,2021/2022,22,Leverkusen,Stuttgart,4,2
2022-02-12,2021/2022,22,M'gladbach,Augsburg,3,2
2022-02-12,2021/2022,22,Greuther Furth,Hertha,2,1
2022-02-12,2021/2022,22,Bochum,Bayern Munich,4,2
2022-02-12,2021/2022,22,Ein Frankfurt,Wolfsburg,0,2
2022-02-12,2021/2022,22,Freiburg,Mainz,1,1
2022-02-13,2021/2022,22,Union Berlin,Dortmund,0,3
2022-02-13,2021/2022,22,Hoffenheim,Bielefeld,2,0
2022-02-18,2021/2022,23,Mainz,Leverkusen,3,2
2022-02-19,2021/2022,23,FC Koln,Ein Frankfurt,1,0
2022-02-19,2021/2022,23,Stuttgart,Bochum,1,1
2022-02-19,2021/2022,23,Wolfsburg,Hoffenheim,1,2
2022-02-19,2021/2022,23,Augsburg,Freiburg,1,2
2022-02-19,2021/2022,23,Bielefeld,Union Berlin,1,0
2022-02-20,2021/2022,23,Bayern Munich,Greuther Furth,4,1
2022-02-20,2021/2022,23,Dortmund,M'gladbach,6,0
2022-02-20,2021/2022,23,Hertha,RB Leipzig,1,6
2022-02-25,2021/2022,24,Hoffenheim,Stuttgart,2,1
2022-02-26,2021/2022,24,Ein Frankfurt,Bayern Munich,0,1
2022-02-26,2021/2022,24,Union Berlin,Mainz,3,1
2022-02-26,2021/2022,24,M'gladbach,Wolfsburg,2,2
2022-02-26,2021/2022,24,Greuther Furth,FC Koln,1,1
2022-02-26,2021/2022,24,Freiburg,Hertha,3,0
2022-02-26,2021/2022,24,Leverkusen,Bielefeld,3,0
2022-02-27,2021/2022,24,Bochum,RB Leipzig,0,1
2022-02-27,2021/2022,24,Augsburg,Dortmund,1,1
2022-03-04,2021/2022,25,Bielefeld,Augsburg,0,1
2022-03-05,2021/2022,25,Bayern Munich,Leverkusen,1,1
2022-03-05,2021/2022,25,Bochum,Greuther Furth,2,1
2022-03-05,2021/2022,25,Hertha,Ein Frankfurt,1,4
2022-03-05,2021/2022,25,RB Leipzig,Freiburg,1,1
2022-03-05,2021/2022,25,Wolfsburg,Union Berlin,1,0
2022-03-05,2021/2022,25,Stuttgart,M'gladbach,3,2
2022-03-06,2021/2022,25,FC Koln,Hoffenheim,0,1
2022-03-12,2021/2022,26,M'gladbach,Hertha,2,0
2022-03-12,2021/2022,26,Union Berlin,Stuttgart,1,1
2022-03-12,2021/2022,26,Hoffenheim,Bayern Munich,1,1
2022-03-12,2021/2022,25,Freiburg,Wolfsburg,3,2
2022-03-13,2021/2022,26,Greuther Furth,RB Leipzig,1,6
2022-03-13,2021/2022,26,Ein Frankfurt,Bochum,2,1
2022-03-13,2021/2022,26,Leverkusen,FC Koln,0,1
2022-03-13,2021/2022,26,Dortmund,Bielefeld,1,0
2022-03-16,2021/2022,26,Mainz,Dortmund,0,1
2022-03-18,2021/2022,26,Bochum,M'gladbach,0,2
2022-03-19,2021/2022,27,Greuther Furth,Freiburg,0,0
2022-03-19,2021/2022,27,Hertha,Hoffenheim,3,0
2022-03-19,2021/2022,27,Mainz,Bielefeld,4,0
2022-03-19,2021/2022,27,Stuttgart,Augsburg,3,2
2022-03-19,2021/2022,27,Bayern Munich,Union Berlin,4,0
2022-03-20,2021/2022,27,RB Leipzig,Ein Frankfurt,0,0
2022-03-20,2021/2022,27,Wolfsburg,Leverkusen,0,2
2022-03-20,2021/2022,27,FC Koln,Dortmund,1,1
2022-04-01,2021/2022,27,Union Berlin,FC Koln,1,0
2022-04-02,2021/2022,28,Hoffenheim,Bochum,1,2
2022-04-02,2021/2022,28,Dortmund,RB Leipzig,1,4
2022-04-02,2021/2022,28,Leverkusen,Hertha,2,1
2022-04-02,2021/2022,28,Freiburg,Bayern Munich,1,4
2022-04-02,2021/2022,28,Ein Frankfurt,Greuther Furth,0,0
2022-04-02,2021/2022,28,Bielefeld,Stuttgart,1,1
2022-04-03,2021/2022,28,Augsburg,Wolfsburg,3,0
2022-04-03,2021/2022,28,M'gladbach,Mainz,1,1
2022-04-06,2021/2022,28,Augsburg,Mainz,2,1
2022-04-08,2021/2022,29,Stuttgart,Dortmund,0,2
2022-04-09,2021/2022,29,Bayern Munich,Augsburg,1,0
2022-04-09,2021/2022,29,FC Koln,Mainz,3,2
2022-04-09,2021/2022,29,Greuther Furth,M'gladbach,0,2
2022-04-09,2021/2022,29,Wolfsburg,Bielefeld,4,0
2022-04-09,2021/2022,29,Hertha,Union Berlin,1,4
2022-04-10,2021/2022,29,Bochum,Leverkusen,0,0
2022-04-10,2021/2022,29,Ein Frankfurt,Freiburg,1,2
2022-04-10,2021/2022,29,RB Leipzig,Hoffenheim,3,0
2022-04-16,2021/2022,30,M'gladbach,FC Koln,1,3
2022-04-16,2021/2022,30,Mainz,Stuttgart,0,0
2022-04-16,2021/2022,30,Freiburg,Bochum,3,0
2022-04-16,2021/2022,30,Dortmund,Wolfsburg,6,1
2022-04-16,2021/2022,30,Augsburg,Hertha,0,1
2022-04-17,2021/2022,30,Bielefeld,Bayern Munich,0,3
2022-04-17,2021/2022,30,Hoffenheim,Greuther Furth,0,0
2022-04-17,2021/2022,30,Union Berlin,Ein Frankfurt,2,0
2022-04-17,2021/2022,30,Leverkusen,RB Leipzig,0,1
2022-04-22,2021/2022,31,Wolfsburg,Mainz,5,0
2022-04-23,2021/2022,31,Bayern Munich,Dortmund,3,1
2022-04-23,2021/2022,31,RB Leipzig,Union Berlin,1,2
2022-04-23,2021/2022,31,Greuther Furth,Leverkusen,1,4
2022-04-23,2021/2022,31,Freiburg,M'gladbach,3,3
2022-04-23,2021/2022,31,FC Koln,Bielefeld,3,1
2022-04-23,2021/2022,31,Ein Frankfurt,Hoffenheim,2,2
2022-04-24,2021/2022,31,Bochum,Augsburg,0,2
2022-04-24,2021/2022,31,Hertha,Stuttgart,2,0
2022-04-29,2021/2022,32,Union Berlin,Greuther Furth,1,1
2022-04-30,2021/2022,32,Hoffenheim,Freiburg,3,4
2022-04-30,2021/2022,32,Stuttgart,Wolfsburg,1,1
2022-04-30,2021/2022,32,Mainz,Bayern Munich,3,1
2022-04-30,2021/2022,32,Augsburg,FC Koln,1,4
2022-04-30,2021/2022,32,Bielefeld,Hertha,1,1
2022-04-30,2021/2022,32,Dortmund,Bochum,3,4
2022-05-02,2021/2022,32,Leverkusen,Ein Frankfurt,2,0
2022-05-02,2021/2022,32,M'gladbach,RB Leipzig,3,1
2022-05-06,2021/2022,33,Bochum,Bielefeld,2,1
2022-05-07,2021/2022,33,FC Koln,Wolfsburg,0,1
2022-05-07,2021/2022,33,Freiburg,Union Berlin,1,4
2022-05-07,2021/2022,33,Greuther Furth,Dortmund,1,3
2022-05-07,2021/2022,33,Hoffenheim,Leverkusen,2,4
2022-05-07,2021/2022,33,Hertha,Mainz,1,2
2022-05-08,2021/2022,33,Bayern Munich,Stuttgart,2,2
2022-05-08,2021/2022,33,Ein Frankfurt,M'gladbach,1,1
2022-05-08,2021/2022,33,RB Leipzig,Augsburg,4,0
2022-05-14,2021/2022,34,M'gladbach,Hoffenheim,5,1
2022-05-14,2021/2022,34,Stuttgart,FC Koln,2,1
2022-05-14,2021/2022,34,Mainz,Ein Frankfurt,2,2
2022-05-14,2021/2022,34,Union Berlin,Bochum,3,2
2022-05-14,2021/2022,34,Dortmund,Hertha,2,1
2022-05-14,2021/2022,34,Bielefeld,RB Leipzig,1,1
2022-05-14,2021/2022,34,Augsburg,Greuther Furth,2,1
2022-05-14,2021/2022,34,Leverkusen,Freiburg,2,1
2022-05-14,2021/2022,34,Wolfsburg,Bayern Munich,2,2
2022-08-05,2022/2023,1,Ein Frankfurt,Bayern Munich,1,6
2022-08-06,2022/2023,1,Augsburg,Freiburg,0,4
2022-08-06,2022/2023,1,Bochum,Mainz,1,2
2022-08-06,2022/2023,1,M'gladbach,Hoffenheim,3,1
2022-08-06,2022/2023,1,Union Berlin,Hertha,3,1
2022-08-06,2022/2023,1,Wolfsburg,Werder Bremen,2,2
2022-08-06,2022/2023,1,Dortmund,Leverkusen,1,0
2022-08-07,2022/2023,1,Stuttgart,RB Leipzig,1,1
2022-08-07,2022/2023,1,FC Koln,Schalke 04,3,1
2022-08-12,2022/2023,2,Freiburg,Dortmund,1,3
2022-08-13,2022/2023,2,Schalke 04,M'gladbach,2,2
2022-08-13,2022/2023,2,Werder Bremen,Stuttgart,2,2
2022-08-13,2022/2023,2,RB Leipzig,FC Koln,2,2
2022-08-13,2022/2023,2,Hertha,Ein Frankfurt,1,1
2022-08-13,2022/2023,2,Hoffenheim,Bochum,3,2
2022-08-13,2022/2023,2,Leverkusen,Augsburg,1,2
2022-08-14,2022/2023,2,Mainz,Union Berlin,0,0
2022-08-14,2022/2023,2,Bayern Munich,Wolfsburg,2,0
2022-08-19,2022/2023,3,M'gladbach,Hertha,1,0
2022-08-20,2022/2023,3,Wolfsburg,Schalke 04,0,0
2022-08-20,2022/2023,3,Union Berlin,RB Leipzig,2,1
2022-08-20,2022/2023,3,Stuttgart,Freiburg,0,1
2022-08-20,2022/2023,3,Augsburg,Mainz,1,2
2022-08-20,2022/2023,3,Dortmund,Werder Bremen,2,3
2022-08-20,2022/2023,3,Leverkusen,Hoffenheim,0,3
2022-08-21,2022/2023,3,Ein Frankfurt,FC Koln,1,1
2022-08-21,2022/2023,3,Bochum,Bayern Munich,0,7
2022-08-26,2022/2023,4,Freiburg,Bochum,1,0
2022-08-27,2022/2023,4,Bayern Munich,M'gladbach,1,1
2022-08-27,2022/2023,4,Schalke 04,Union Berlin,1,6
2022-08-27,2022/2023,4,RB Leipzig,Wolfsburg,2,0
2022-08-27,2022/2023,4,Hoffenheim,Augsburg,1,0
2022-08-27,2022/2023,4,Hertha,Dortmund,0,1
2022-08-27,2022/2023,4,Mainz,Leverkusen,0,3
2022-08-28,2022/2023,4,FC Koln,Stuttgart,0,0
2022-08-28,2022/2023,4,Werder Bremen,Ein Frankfurt,3,4
2022-09-02,2022/2023,5,Dortmund,Hoffenheim,1,0
2022-09-03,2022/2023,5,Wolfsburg,FC Koln,2,4
2022-09-03,2022/2023,5,Ein Frankfurt,RB Leipzig,4,0
2022-09-03,2022/2023,5,Union Berlin,Bayern Munich,1,1
2022-09-03,2022/2023,5,Bochum,Werder Bremen,0,2
2022-09-03,2022/2023,5,Leverkusen,Freiburg,2,3
2022-09-03,2022/2023,5,Stuttgart,Schalke 04,1,1
2022-09-04,2022/2023,5,Augsburg,Hertha,0,2
2022-09-04,2022/2023,5,M'gladbach,Mainz,0,1
2022-09-09,2022/2023,6,Werder Bremen,Augsburg,0,1
2022-09-10,2022/2023,6,Bayern Munich,Stuttgart,2,2
2022-09-10,2022/2023,6,Ein Frankfurt,Wolfsburg,0,1
2022-09-10,2022/2023,6,Hertha,Leverkusen,2,2
2022-09-10,2022/2023,6,Hoffenheim,Mainz,4,1
2022-09-10,2022/2023,6,RB Leipzig,Dortmund,3,0
2022-09-10,2022/2023,6,Schalke 04,Bochum,3,1
2022-09-11,2022/2023,6,FC Koln,Union Berlin,0,1
2022-09-11,2022/2023,6,Freiburg,M'gladbach,0,0
2022-09-16,2022/2023,7,Mainz,Hertha,1,1
2022-09-17,2022/2023,7,M'gladbach,RB Leipzig,3,0
2022-09-17,2022/2023,7,Stuttgart,Ein Frankfurt,1,3
2022-09-17,2022/2023,7,Leverkusen,Werder Bremen,1,1
2022-09-17,2022/2023,7,Augsburg,Bayern Munich,1,0
2022-09-17,2022/2023,7,Dortmund,Schalke 04,1,0
2022-09-18,2022/2023,7,Union Berlin,Wolfsburg,2,0
2022-09-18,2022/2023,7,Bochum,FC Koln,1,1
2022-09-18,2022/2023,7,Hoffenheim,Freiburg,0,0
2022-09-30,2022/2023,8,Bayern Munich,Leverkusen,4,0
2022-10-01,2022/2023,8,Werder Bremen,M'gladbach,5,1
2022-10-01,2022/2023,8,Wolfsburg,Stuttgart,3,2
2022-10-01,2022/2023,8,RB Leipzig,Bochum,4,0
2022-10-01,2022/2023,8,Freiburg,Mainz,2,1
2022-10-01,2022/2023,8,Ein Frankfurt,Union Berlin,2,0
2022-10-01,2022/2023,8,FC Koln,Dortmund,3,2
2022-10-02,2022/2023,8,Hertha,Hoffenheim,1,1
2022-10-02,2022/2023,8,Schalke 04,Augsburg,2,3
2022-10-07,2022/2023,9,Hoffenheim,Werder Bremen,1,2
2022-10-08,2022/2023,9,Dortmund,Bayern Munich,2,2
2022-10-08,2022/2023,9,Mainz,RB Leipzig,1,1
2022-10-08,2022/2023,9,Bochum,Ein Frankfurt,3,0
2022-10-08,2022/2023,9,Leverkusen,Schalke 04,4,0
2022-10-08,2022/2023,9,Augsburg,Wolfsburg,1,1
2022-10-09,2022/2023,9,M'gladbach,FC Koln,5,2
2022-10-09,2022/2023,9,Hertha,Freiburg,2,2
2022-10-09,2022/2023,9,Stuttgart,Union Berlin,0,1
2022-10-14,2022/2023,10,Schalke 04,Hoffenheim,0,3
2022-10-15,2022/2023,10,RB Leipzig,Hertha,3,2
2022-10-15,2022/2023,10,Wolfsburg,M'gladbach,2,2
2022-10-15,2022/2023,10,Werder Bremen,Mainz,0,2
2022-10-15,2022/2023,10,Stuttgart,Bochum,4,1
2022-10-15,2022/2023,10,Ein Frankfurt,Leverkusen,5,1
2022-10-16,2022/2023,10,FC Koln,Augsburg,3,2
2022-10-16,2022/2023,10,Union Berlin,Dortmund,2,0
2022-10-16,2022/2023,10,Bayern Munich,Freiburg,5,0
2022-10-21,2022/2023,11,Mainz,FC Koln,5,0
2022-10-22,2022/2023,11,M'gladbach,Ein Frankfurt,1,3
2022-10-22,2022/2023,11,Leverkusen,Wolfsburg,2,2
2022-10-22,2022/2023,11,Hoffenheim,Bayern Munich,0,2
2022-10-22,2022/2023,11,Freiburg,Werder Bremen,2,0
2022-10-22,2022/2023,11,Dortmund,Stuttgart,5,0
2022-10-22,2022/2023,11,Augsburg,RB Leipzig,3,3
2022-10-23,2022/2023,11,Bochum,Union Berlin,2,1
2022-10-23,2022/2023,11,Hertha,Schalke 04,2,1
2022-10-28,2022/2023,12,Werder Bremen,Hertha,1,0
2022-10-29,2022/2023,12,Ein Frankfurt,Dortmund,1,2
2022-10-29,2022/2023,12,Stuttgart,Augsburg,2,1
2022-10-29,2022/2023,12,Wolfsburg,Bochum,4,0
2022-10-29,2022/2023,12,Bayern Munich,Mainz,6,2
2022-10-29,2022/2023,12,RB Leipzig,Leverkusen,2,0
2022-10-30,2022/2023,12,Union Berlin,M'gladbach,2,1
2022-10-30,2022/2023,12,Schalke 04,Freiburg,0,2
2022-10-30,2022/2023,12,FC Koln,Hoffenheim,1,1
2022-11-04,2022/2023,13,M'gladbach,Stuttgart,3,1
2022-11-05,2022/2023,13,Mainz,Wolfsburg,0,3
2022-11-05,2022/2023,13,Werder Bremen,Schalke 04,2,1
2022-11-05,2022/2023,13,Hoffenheim,RB Leipzig,1,3
2022-11-05,2022/2023,13,Hertha,Bayern Munich,2,3
2022-11-05,2022/2023,13,Dortmund,Bochum,3,0
2022-11-05,2022/2023,13,Augsburg,Ein Frankfurt,1,2
2022-11-06,2022/2023,13,Leverkusen,Union Berlin,5,0
2022-11-06,2022/2023,13,Freiburg,FC Koln,2,0
2022-11-08,2022/2023,14,Wolfsburg,Dortmund,2,0
2022-11-08,2022/2023,14,Bayern Munich,Werder Bremen,6,1
2022-11-08,2022/2023,14,Bochum,M'gladbach,2,1
2022-11-08,2022/2023,14,Stuttgart,Hertha,2,1
2022-11-09,2022/2023,14,FC Koln,Leverkusen,1,2
2022-11-09,2022/2023,14,Ein Frankfurt,Hoffenheim,4,2
2022-11-09,2022/2023,14,RB Leipzig,Freiburg,3,1
2022-11-09,2022/2023,14,Schalke 04,Mainz,1,0
2022-11-09,2022/2023,14,Union Berlin,Augsburg,2,2
2022-11-11,2022/2023,15,M'gladbach,Dortmund,4,2
2022-11-12,2022/2023,15,Schalke 04,Bayern Munich,0,2
2022-11-12,2022/2023,15,Werder Bremen,RB Leipzig,1,2
2022-11-12,2022/2023,15,Leverkusen,Stuttgart,2,0
2022-11-12,2022/2023,15,Hertha,FC Koln,2,0
2022-11-12,2022/2023,15,Augsburg,Bochum,0,1
2022-11-12,2022/2023,15,Hoffenheim,Wolfsburg,1,2
2022-11-13,2022/2023,15,Mainz,Ein Frankfurt,1,1
2022-11-13,2022/2023,15,Freiburg,Union Berlin,4,1
2023-01-20,2022/2023,16,RB Leipzig,Bayern Munich,1,1
2023-01-21,2022/2023,16,Stuttgart,Mainz,1,1
2023-01-21,2022/2023,16,Bochum,Hertha,3,1
2023-01-21,2022/2023,16,Ein Frankfurt,Schalke 04,3,0
2023-01-21,2022/2023,16,Union Berlin,Hoffenheim,3,1
2023-01-21,2022/2023,16,Wolfsburg,Freiburg,6,0
2023-01-21,2022/2023,16,FC Koln,Werder Bremen,7,1
2023-01-22,2022/2023,16,Dortmund,Augsburg,4,3
2023-01-22,2022/2023,16,M'gladbach,Leverkusen,2,3
2023-01-24,2022/2023,17,Bayern Munich,FC Koln,1,1
2023-01-24,2022/2023,17,Hertha,Wolfsburg,0,5
2023-01-24,2022/2023,17,Schalke 04,RB Leipzig,1,6
2023-01-24,2022/2023,17,Hoffenheim,Stuttgart,2,2
2023-01-25,2022/2023,17,Leverkusen,Bochum,2,0
2023-01-25,2022/2023,17,Freiburg,Ein Frankfurt,1,1
2023-01-25,2022/2023,17,Werder Bremen,Union Berlin,1,2
2023-01-25,2022/2023,17,Mainz,Dortmund,1,2
2023-01-25,2022/2023,17,Augsburg,M'gladbach,1,0
2023-01-27,2022/2023,18,RB Leipzig,Stuttgart,2,1
2023-01-28,2022/2023,18,Freiburg,Augsburg,3,1
2023-01-28,2022/2023,18,Hertha,Union Berlin,0,2
2023-01-28,2022/2023,18,Hoffenheim,M'gladbach,1,4
2023-01-28,2022/2023,18,Mainz,Bochum,5,2
2023-01-28,2022/2023,18,Werder Bremen,Wolfsburg,2,1
2023-01-28,2022/2023,18,Bayern Munich,Ein Frankfurt,1,1
2023-01-29,2022/2023,18,Schalke 04,FC Koln,0,0
2023-01-29,2022/2023,18,Leverkusen,Dortmund,0,2
2023-02-03,2022/2023,19,Augsburg,Leverkusen,1,0
2023-02-04,2022/2023,19,Bochum,Hoffenheim,5,2
2023-02-04,2022/2023,19,Dortmund,Freiburg,5,1
2023-02-04,2022/2023,19,Ein Frankfurt,Hertha,3,0
2023-02-04,2022/2023,19,FC Koln,RB Leipzig,0,0
2023-02-04,2022/2023,19,Union Berlin,Mainz,2,1
2023-02-04,2022/2023,19,M'gladbach,Schalke 04,0,0
2023-02-05,2022/2023,19,Wolfsburg,Bayern Munich,2,4
2023-02-05,2022/2023,19,Stuttgart,Werder Bremen,0,2
2023-02-10,2022/2023,20,Schalke 04,Wolfsburg,0,0
2023-02-11,2022/2023,20,Bayern Munich,Bochum,3,0
2023-02-11,2022/2023,20,Freiburg,Stuttgart,2,1
2023-02-11,2022/2023,20,Hoffenheim,Leverkusen,1,3
2023-02-11,2022/2023,20,Mainz,Augsburg,3,1
2023-02-11,2022/2023,20,Werder Bremen,Dortmund,0,2
2023-02-11,2022/2023,20,RB Leipzig,Union Berlin,1,2
2023-02-12,2022/2023,20,FC Koln,Ein Frankfurt,3,0
2023-02-12,2022/2023,20,Hertha,M'gladbach,4,1
2023-02-17,2022/2023,21,Augsburg,Hoffenheim,1,0
2023-02-18,2022/2023,21,Bochum,Freiburg,0,2
2023-02-18,2022/2023,21,M'gladbach,Bayern Munich,3,2
2023-02-18,2022/2023,21,Stuttgart,FC Koln,3,0
2023-02-18,2022/2023,21,Wolfsburg,RB Leipzig,0,3
2023-02-18,2022/2023,21,Ein Frankfurt,Werder Bremen,2,0
2023-02-19,2022/2023,21,Dortmund,Hertha,4,1
2023-02-19,2022/2023,21,Union Berlin,Schalke 04,0,0
2023-02-19,2022/2023,21,Leverkusen,Mainz,2,3
2023-02-24,2022/2023,22,Mainz,M'gladbach,4,0
2023-02-25,2022/2023,22,FC Koln,Wolfsburg,0,2
2023-02-25,2022/2023,22,Hertha,Augsburg,2,0
2023-02-25,2022/2023,22,Hoffenheim,Dortmund,0,1
2023-02-25,2022/2023,22,RB Leipzig,Ein Frankfurt,2,1
2023-02-25,2022/2023,22,Werder Bremen,Bochum,3,0
2023-02-25,2022/2023,22,Schalke 04,Stuttgart,2,1
2023-02-26,2022/2023,22,Freiburg,Leverkusen,1,1
2023-02-26,2022/2023,22,Bayern Munich,Union Berlin,3,0
2023-03-03,2022/2023,23,Dortmund,RB Leipzig,2,1
2023-03-04,2022/2023,23,Stuttgart,Bayern Munich,1,2
2023-03-04,2022/2023,23,Union Berlin,FC Koln,0,0
2023-03-04,2022/2023,23,M'gladbach,Freiburg,0,0
2023-03-04,2022/2023,23,Augsburg,Werder Bremen,2,1
2023-03-04,2022/2023,23,Bochum,Schalke 04,0,2
2023-03-04,2022/2023,23,Mainz,Hoffenheim,1,0
2023-03-05,2022/2023,23,Leverkusen,Hertha,4,1
2023-03-05,2022/2023,23,Wolfsburg,Ein Frankfurt,2,2
2023-03-10,2022/2023,24,FC Koln,Bochum,0,2
2023-03-11,2022/2023,24,Schalke 04,Dortmund,2,2
2023-03-11,2022/2023,24,RB Leipzig,M'gladbach,3,0
2023-03-11,2022/2023,24,Ein Frankfurt,Stuttgart,1,1
2023-03-11,2022/2023,24,Bayern Munich,Augsburg,5,3
2023-03-11,2022/2023,24,Hertha,Mainz,1,1
2023-03-12,2022/2023,24,Freiburg,Hoffenheim,2,1
2023-03-12,2022/2023,24,Werder Bremen,Leverkusen,2,3
2023-03-12,2022/2023,24,Wolfsburg,Union Berlin,1,1
2023-03-17,2022/2023,25,M'gladbach,Werder Bremen,2,2
2023-03-18,2022/2023,25,Hoffenheim,Hertha,3,1
2023-03-18,2022/2023,25,Augsburg,Schalke 04,1,1
2023-03-18,2022/2023,25,Bochum,RB Leipzig,1,0
2023-03-18,2022/2023,25,Stuttgart,Wolfsburg,0,1
2023-03-18,2022/2023,25,Dortmund,FC Koln,6,1
2023-03-19,2022/2023,25,Union Berlin,Ein Frankfurt,2,0
2023-03-19,2022/2023,25,Leverkusen,Bayern Munich,2,1
2023-03-19,2022/2023,25,Mainz,Freiburg,1,1
2023-03-31,2022/2023,26,Ein Frankfurt,Bochum,1,1
2023-04-01,2022/2023,26,Union Berlin,Stuttgart,3,0
2023-04-01,2022/2023,26,Wolfsburg,Augsburg,2,2
2023-04-01,2022/2023,26,Bayern Munich,Dortmund,4,2
2023-04-01,2022/2023,26,Schalke 04,Leverkusen,0,3
2023-04-01,2022/2023,26,Freiburg,Hertha,1,1
2023-04-01,2022/2023,26,RB Leipzig,Mainz,0,3
2023-04-02,2022/2023,26,FC Koln,M'gladbach,0,0
2023-04-02,2022/2023,26,Werder Bremen,Hoffenheim,1,2
2023-04-08,2022/2023,27,Augsburg,FC Koln,1,3
2023-04-08,2022/2023,27,Dortmund,Union Berlin,2,1
2023-04-08,2022/2023,27,Freiburg,Bayern Munich,0,1
2023-04-08,2022/2023,27,Leverkusen,Ein Frankfurt,3,1
2023-04-08,2022/2023,27,Mainz,Werder Bremen,2,2
2023-04-08,2022/2023,27,Hertha,RB Leipzig,0,1
2023-04-09,2022/2023,27,M'gladbach,Wolfsburg,2,0
2023-04-09,2022/2023,27,Bochum,Stuttgart,2,3
2023-04-09,2022/2023,27,Hoffenheim,Schalke 04,2,0
2023-04-14,2022/2023,28,Schalke 04,Hertha,5,2
2023-04-15,2022/2023,28,Ein Frankfurt,M'gladbach,1,1
2023-04-15,2022/2023,28,Stuttgart,Dortmund,3,3
2023-04-15,2022/2023,28,RB Leipzig,Augsburg,3,2
2023-04-15,2022/2023,28,FC Koln,Mainz,1,1
2023-04-15,2022/2023,28,Bayern Munich,Hoffenheim,1,1
2023-04-16,2022/2023,28,Werder Bremen,Freiburg,1,2
2023-04-16,2022/2023,28,Union Berlin,Bochum,1,1
2023-04-16,2022/2023,28,Wolfsburg,Leverkusen,0,0
2023-04-21,2022/2023,29,Augsburg,Stuttgart,1,1
2023-04-22,2022/2023,29,Dortmund,Ein Frankfurt,4,0
2023-04-22,2022/2023,29,Mainz,Bayern Munich,3,1
2023-04-22,2022/2023,29,Hoffenheim,FC Koln,1,3
2023-04-22,2022/2023,29,Hertha,Werder Bremen,2,4
2023-04-22,2022/2023,29,Bochum,Wolfsburg,1,5
2023-04-23,2022/2023,29,Freiburg,Schalke 04,4,0
2023-04-23,2022/2023,29,Leverkusen,RB Leipzig,2,0
2023-04-23,2022/2023,29,M'gladbach,Union Berlin,0,1
2023-04-28,2022/2023,30,Bochum,Dortmund,1,1
2023-04-29,2022/2023,30,Union Berlin,Leverkusen,0,0
2023-04-29,2022/2023,30,Stuttgart,M'gladbach,2,1
2023-04-29,2022/2023,30,Schalke 04,Werder Bremen,2,1
2023-04-29,2022/2023,30,FC Koln,Freiburg,0,1
2023-04-29,2022/2023,30,Ein Frankfurt,Augsburg,1,1
2023-04-29,2022/2023,30,RB Leipzig,Hoffenheim,1,0
2023-04-30,2022/2023,30,Bayern Munich,Hertha,2,0
2023-04-30,2022/2023,30,Wolfsburg,Mainz,3,0
2023-05-05,2022/2023,31,Leverkusen,FC Koln,1,2
2023-05-05,2022/2023,31,Mainz,Schalke 04,2,3
2023-05-06,2022/2023,31,Werder Bremen,Bayern Munich,1,2
2023-05-06,2022/2023,31,M'gladbach,Bochum,2,0
2023-05-06,2022/2023,31,Hoffenheim,Ein Frankfurt,3,1
2023-05-06,2022/2023,31,Freiburg,RB Leipzig,0,1
2023-05-06,2022/2023,31,Augsburg,Union Berlin,1,0
2023-05-06,2022/2023,31,Hertha,Stuttgart,2,1
2023-05-07,2022/2023,31,Dortmund,Wolfsburg,6,0
2023-05-12,2022/2023,32,FC Koln,Hertha,5,2
2023-05-13,2022/2023,32,Wolfsburg,Hoffenheim,2,1
2023-05-13,2022/2023,32,Union Berlin,Freiburg,4,2
2023-05-13,2022/2023,32,Dortmund,M'gladbach,5,2
2023-05-13,2022/2023,32,Bochum,Augsburg,3,2
2023-05-13,2022/2023,32,Bayern Munich,Schalke 04,6,0
2023-05-13,2022/2023,32,Ein Frankfurt,Mainz,3,0
2023-05-14,2022/2023,32,Stuttgart,Leverkusen,1,1
2023-05-14,2022/2023,32,RB Leipzig,Werder Bremen,2,1
2023-05-19,2022/2023,33,Freiburg,Wolfsburg,2,0
2023-05-20,2022/2023,33,Hertha,Bochum,1,1
2023-05-20,2022/2023,33,Hoffenheim,Union Berlin,4,2
2023-05-20,2022/2023,33,Schalke 04,Ein Frankfurt,2,2
2023-05-20,2022/2023,33,Werder Bremen,FC Koln,1,1
2023-05-20,2022/2023,33,Bayern Munich,RB Leipzig,1,3
2023-05-21,2022/2023,33,Leverkusen,M'gladbach,2,2
2023-05-21,2022/2023,33,Mainz,Stuttgart,1,4
2023-05-21,2022/2023,33,Augsburg,Dortmund,0,3
2023-05-27,2022/2023,34,Union Berlin,Werder Bremen,1,0
2023-05-27,2022/2023,34,Bochum,Leverkusen,3,0
2023-05-27,2022/2023,34,Dortmund,Mainz,2,2
2023-05-27,2022/2023,34,Ein Frankfurt,Freiburg,2,1
2023-05-27,2022/2023,34,FC Koln,Bayern Munich,1,2
2023-05-27,2022/2023,34,M'gladbach,Augsburg,2,0
2023-05-27,2022/2023,34,RB Leipzig,Schalke 04,4,2
2023-05-27,2022/2023,34,Stuttgart,Hoffenheim,1,1
2023-05-27,2022/2023,34,Wolfsburg,Hertha,1,2
